0,1
dwarka expressway,"99      ['Lift(s)', 'High Ceiling Height', 'Maintenanc...
1196    ['Power Back-up', 'Feng Shui / Vaastu Complian...
1416    ['Water purifier', 'Centrally Air Conditioned'...
1527                                                  NaN
1840    ['Water Storage', 'Visitor Parking', 'Rain Wat...
1951    ['Security / Fire Alarm', 'Feng Shui / Vaastu ...
2024    ['Feng Shui / Vaastu Compliant', 'Private Gard...
2352                                                  NaN
Name: features, dtype: object"
gwal pahari,"59      ['Private Garden / Terrace', 'High Ceiling Hei...
130     ['Water purifier', 'Security / Fire Alarm', 'F...
193                                                   NaN
517     ['Security / Fire Alarm', 'Feng Shui / Vaastu ...
702                  ['Water Storage', 'Visitor Parking']
834     ['Feng Shui / Vaastu Compliant', 'Security / F...
1559                                                  NaN
1705    ['Security / Fire Alarm', 'Feng Shui / Vaastu ...
1793    ['Power Back-up', 'Intercom Facility', 'Lift(s...
1800    ['Security / Fire Alarm', 'Power Back-up', 'Fe...
1941                                                  NaN
1967    ['Centrally Air Conditioned', 'Water purifier'...
2326    ['Feng Shui / Vaastu Compliant', 'Maintenance ...
2372    ['High Ceiling Height', 'Maintenance Staff', '...
2489    ['Lift(s)', 'Water Storage', 'Park', 'Visitor ...
2700    ['Security / Fire Alarm', 'Feng Shui / Vaastu ...
2744    ['Feng Shui / Vaastu Compliant', 'Maintenance ...
3361    ['Centrally Air Conditioned', 'Water purifier'...
Name: features, dtype: object"
manesar,"9                  ['Piped-gas', 'Rain Water Harvesting']
178     ['Security / Fire Alarm', 'Intercom Facility',...
191     ['Centrally Air Conditioned', 'Security / Fire...
253     ['Security / Fire Alarm', 'Feng Shui / Vaastu ...
455     ['Feng Shui / Vaastu Compliant', 'Security / F...
486         ['Private Garden / Terrace', 'Water Storage']
538     ['Feng Shui / Vaastu Compliant', 'Private Gard...
550                                     ['Water Storage']
756     ['Water purifier', 'Security / Fire Alarm', 'F...
767                                                   NaN
959     ['Centrally Air Conditioned', 'Water purifier'...
989     ['Intercom Facility', 'Lift(s)', 'Maintenance ...
1095    ['Power Back-up', 'Lift(s)', 'Swimming Pool', ...
1106                                  ['Visitor Parking']
1187    ['Security / Fire Alarm', 'Power Back-up', 'Fe...
1316                                                  NaN
1450    ['Power Back-up', 'Feng Shui / Vaastu Complian...
1568    ['Feng Shui / Vaastu Compliant', 'Private Gard...
1706                                                  NaN
1726    ['Security / Fire Alarm', 'Power Back-up', 'In...
1781    ['Centrally Air Conditioned', 'Water purifier'...
2064    ['Security / Fire Alarm', 'Lift(s)', 'Maintena...
2303    ['Security / Fire Alarm', 'Feng Shui / Vaastu ...
2470                                                  NaN
2966    ['Feng Shui / Vaastu Compliant', 'Security / F...
2972                                                  NaN
3150    ['Feng Shui / Vaastu Compliant', 'Private Gard...
3316                                                  NaN
3472    ['Security / Fire Alarm', 'Feng Shui / Vaastu ...
3475    ['Lift(s)', 'Piped-gas', 'Internet/wi-fi conne...
3529    ['Centrally Air Conditioned', 'Water purifier'...
Name: features, dtype: object"
new,"816                                                   NaN
952     ['High Ceiling Height', 'Water Storage', 'Park...
1958    ['Security / Fire Alarm', 'Power Back-up', 'Fe...
1975    ['Security / Fire Alarm', 'Intercom Facility',...
Name: features, dtype: object"
new sector 2,"393     ['Security / Fire Alarm', 'Intercom Facility',...
1084               ['Lift(s)', 'Park', 'Shopping Centre']
2106    ['Security / Fire Alarm', 'Feng Shui / Vaastu ...
2774                                                  NaN
3312    ['Lift(s)', 'Swimming Pool', 'Natural Light', ...
Name: features, dtype: object"
sector 1,"175     ['Feng Shui / Vaastu Compliant', 'Security / F...
1970    ['Intercom Facility', 'Lift(s)', 'Maintenance ...
2124    ['Security / Fire Alarm', 'Feng Shui / Vaastu ...
2477    ['Power Back-up', 'Lift(s)', 'Swimming Pool', ...
2612    ['Lift(s)', 'Centrally Air Conditioned', 'High...
3300    ['Feng Shui / Vaastu Compliant', 'Security / F...
Name: features, dtype: object"
sector 102,"19                                    ['Visitor Parking']
82                                                    NaN
153     ['Feng Shui / Vaastu Compliant', 'Security / F...
166     ['Intercom Facility', 'Lift(s)', 'Water Storag...
241                                                   NaN
                              ...                        
3438    ['Centrally Air Conditioned', 'Security / Fire...
3454    ['Feng Shui / Vaastu Compliant', 'Private Gard...
3465    ['Feng Shui / Vaastu Compliant', 'Maintenance ...
3519    ['Security / Fire Alarm', 'Power Back-up', 'Fe...
3520    ['Feng Shui / Vaastu Compliant', 'Private Gard...
Name: features, Length: 107, dtype: object"
sector 103,"139     ['Security / Fire Alarm', 'Power Back-up', 'Fe...
309                                                   NaN
396     ['Water purifier', 'Security / Fire Alarm', 'F...
573     ['Water purifier', 'Security / Fire Alarm', 'P...
799     ['Centrally Air Conditioned', 'Water purifier'...
889                                                   NaN
1006    ['Intercom Facility', 'Lift(s)', 'Swimming Poo...
1029                      ['Internet/wi-fi connectivity']
1088                                                  NaN
1104    ['Centrally Air Conditioned', 'Water purifier'...
1166                                                  NaN
1181                                    ['Water Storage']
1215    ['Security / Fire Alarm', 'Feng Shui / Vaastu ...
1289    ['Water purifier', 'Security / Fire Alarm', 'P...
1292                                                  NaN
1326    ['Feng Shui / Vaastu Compliant', 'Security / F...
1335    ['Feng Shui / Vaastu Compliant', 'Private Gard...
1485                                                  NaN
1565    ['Feng Shui / Vaastu Compliant', 'Intercom Fac...
1599    ['Security / Fire Alarm', 'Feng Shui / Vaastu ...
1825    ['Lift(s)', 'Swimming Pool', 'Park', 'Fitness ...
1864    ['Water purifier', 'Centrally Air Conditioned'...
1924    ['Feng Shui / Vaastu Compliant', 'Lift(s)', 'V...
1937    ['Feng Shui / Vaastu Compliant', 'Intercom Fac...
1945    ['Feng Shui / Vaastu Compliant', 'Lift(s)', 'M...
1991    ['Security / Fire Alarm', 'Lift(s)', 'Maintena...
2066    ['Feng Shui / Vaastu Compliant', 'Security / F...
2126                                                  NaN
2266    ['Feng Shui / Vaastu Compliant', 'Private Gard...
2276    ['Park', 'Visitor Parking', 'Low Density Socie...
2330    ['Security / Fire Alarm', 'Power Back-up', 'Li...
2420                                                  NaN
2481    ['Feng Shui / Vaastu Compliant', 'Security / F...
2574    ['Feng Shui / Vaastu Compliant', 'Maintenance ...
2619    ['Feng Shui / Vaastu Compliant', 'Security / F...
2660    ['Security / Fire Alarm', 'Feng Shui / Vaastu ...
2724                                                  NaN
2754    ['Security / Fire Alarm', 'Feng Shui / Vaastu ...
2758    ['Security / Fire Alarm', 'Power Back-up', 'Fe...
3061    ['Feng Shui / Vaastu Compliant', 'High Ceiling...
3238    ['Security / Fire Alarm', 'Feng Shui / Vaastu ...
3409    ['Security / Fire Alarm', 'Feng Shui / Vaastu ...
Name: features, dtype: object"
sector 104,"34      ['Centrally Air Conditioned', 'Water purifier'...
131     ['Security / Fire Alarm', 'Power Back-up', 'Fe...
207     ['Water purifier', 'Security / Fire Alarm', 'P...
355                      ['Lift(s)', 'Park', 'Piped-gas']
374                                                   NaN
                              ...                        
3321         ['Visitor Parking', 'Rain Water Harvesting']
3347                                  ['Lift(s)', 'Park']
3357    ['Lift(s)', 'Swimming Pool', 'Park', 'Shopping...
3426                                                  NaN
3504    ['Power Back-up', 'Lift(s)', 'Swimming Pool', ...
Name: features, Length: 67, dtype: object"
sector 105,"137     ['Feng Shui / Vaastu Compliant', 'Lift(s)', 'P...
567     ['Feng Shui / Vaastu Compliant', 'Lift(s)', 'H...
647     ['Security / Fire Alarm', 'Feng Shui / Vaastu ...
739     ['Power Back-up', 'Intercom Facility', 'Lift(s...
919                                                   NaN
1250    ['Security / Fire Alarm', 'Lift(s)', 'Water St...
1557    ['Water purifier', 'Power Back-up', 'Feng Shui...
2036                                                  NaN
2158    ['Centrally Air Conditioned', 'Water purifier'...
2163    ['Security / Fire Alarm', 'Feng Shui / Vaastu ...
2165    ['Security / Fire Alarm', 'Feng Shui / Vaastu ...
2168    ['Centrally Air Conditioned', 'Water purifier'...
2479    ['Power Back-up', 'Security / Fire Alarm', 'In...
2597    ['Feng Shui / Vaastu Compliant', 'Intercom Fac...
2879                                                  NaN
3170    ['Power Back-up', 'Feng Shui / Vaastu Complian...
3281    ['Centrally Air Conditioned', 'Security / Fire...
3354    ['Maintenance Staff', 'Water Storage', 'Separa...
3457    ['Security / Fire Alarm', 'Feng Shui / Vaastu ...
3495    ['Centrally Air Conditioned', 'Water purifier'...
Name: features, dtype: object"
sector 106,"11      ['Security / Fire Alarm', 'Feng Shui / Vaastu ...
142     ['Intercom Facility', 'Lift(s)', 'Swimming Poo...
202     ['Feng Shui / Vaastu Compliant', 'Security / F...
284     ['Feng Shui / Vaastu Compliant', 'Security / F...
461                             ['Water Storage', 'Park']
540     ['Lift(s)', 'Maintenance Staff', 'Water Storag...
547     ['Centrally Air Conditioned', 'Water purifier'...
588                                                   NaN
653     ['Feng Shui / Vaastu Compliant', 'Private Gard...
714     ['Security / Fire Alarm', 'Feng Shui / Vaastu ...
1027    ['Lift(s)', 'Swimming Pool', 'Visitor Parking'...
1119    ['Security / Fire Alarm', 'Feng Shui / Vaastu ...
1125    ['Security / Fire Alarm', 'Intercom Facility',...
1147                                                  NaN
1496    ['Private Garden / Terrace', 'Maintenance Staf...
1730    ['Power Back-up', 'Security / Fire Alarm', 'In...
1977    ['Centrally Air Conditioned', 'Water purifier'...
1983                                                  NaN
2088                                                  NaN
2403                                                  NaN
2406    ['Feng Shui / Vaastu Compliant', 'Security / F...
2421                                                  NaN
2461    ['Security / Fire Alarm', 'Lift(s)', 'Maintena...
2566    ['Security / Fire Alarm', 'Lift(s)', 'Maintena...
2570    ['Security / Fire Alarm', 'Feng Shui / Vaastu ...
2594    ['Security / Fire Alarm', 'Power Back-up', 'Fe...
2657    ['Security / Fire Alarm', 'Feng Shui / Vaastu ...
2683    ['Security / Fire Alarm', 'Power Back-up', 'Pr...
2698    ['Security / Fire Alarm', 'Power Back-up', 'Fe...
2710    ['Lift(s)', 'Maintenance Staff', 'Park', 'Pipe...
2753    ['Feng Shui / Vaastu Compliant', 'Private Gard...
2771    ['Feng Shui / Vaastu Compliant', 'Security / F...
2816    ['Feng Shui / Vaastu Compliant', 'Water Storag...
2929    ['Power Back-up', 'Feng Shui / Vaastu Complian...
3139    ['Feng Shui / Vaastu Compliant', 'Private Gard...
3246                                                  NaN
3387    ['Security / Fire Alarm', 'Feng Shui / Vaastu ...
3399    ['Maintenance Staff', 'Water Storage', 'Visito...
Name: features, dtype: object"
sector 107,"44                                                    NaN
147     ['Centrally Air Conditioned', 'Water purifier'...
180     ['Feng Shui / Vaastu Compliant', 'Private Gard...
266     ['Feng Shui / Vaastu Compliant', 'Private Gard...
323      ['Maintenance Staff', 'Park', 'Visitor Parking']
369     ['Feng Shui / Vaastu Compliant', 'Intercom Fac...
405                                                   NaN
426     ['Feng Shui / Vaastu Compliant', 'Intercom Fac...
615                                                   NaN
641                                                   NaN
795     ['Security / Fire Alarm', 'Private Garden / Te...
910     ['Centrally Air Conditioned', 'Water purifier'...
916     ['Feng Shui / Vaastu Compliant', 'Security / F...
950                                                   NaN
955                                                   NaN
988     ['Feng Shui / Vaastu Compliant', 'Security / F...
1109    ['Feng Shui / Vaastu Compliant', 'Private Gard...
1150    ['False Ceiling Lighting', 'Park', 'Low Densit...
1281                                                  NaN
1309    ['Centrally Air Conditioned', 'Security / Fire...
1382    ['Security / Fire Alarm', 'Feng Shui / Vaastu ...
1405    ['Water purifier', 'Centrally Air Conditioned'...
1434    ['Water purifier', 'Security / Fire Alarm', 'P...
1503                                                  NaN
1507    ['Feng Shui / Vaastu Compliant', 'Private Gard...
1537    ['Lift(s)', 'Maintenance Staff', 'Visitor Park...
1549    ['Feng Shui / Vaastu Compliant', 'Private Gard...
1606    ['Security / Fire Alarm', 'Feng Shui / Vaastu ...
1650    ['Centrally Air Conditioned', 'Water purifier'...
1651    ['Security / Fire Alarm', 'Feng Shui / Vaastu ...
1653    ['Power Back-up', 'Intercom Facility', 'Lift(s...
1925    ['High Ceiling Height', 'Natural Light', 'Airy...
2007    ['Security / Fire Alarm', 'Intercom Facility',...
2012    ['Separate entry for servant room', 'No open d...
2031    ['Security / Fire Alarm', 'Intercom Facility',...
2101    ['Lift(s)', 'Swimming Pool', 'Park', 'Piped-ga...
2181                                                  NaN
2187    ['Feng Shui / Vaastu Compliant', 'Maintenance ...
2265    ['Security / Fire Alarm', 'Feng Shui / Vaastu ...
2291    ['Security / Fire Alarm', 'Intercom Facility',...
2311    ['Intercom Facility', 'Lift(s)', 'Maintenance ...
2322    ['Security / Fire Alarm', 'Feng Shui / Vaastu ...
2348    ['Feng Shui / Vaastu Compliant', 'Intercom Fac...
2434    ['Feng Shui / Vaastu Compliant', 'Security / F...
2488    ['Feng Shui / Vaastu Compliant', 'Private Gard...
2702    ['Security / Fire Alarm', 'Power Back-up', 'Fe...
2731                                                  NaN
2756    ['Water purifier', 'Centrally Air Conditioned'...
2796    ['Security / Fire Alarm', 'Power Back-up', 'Fe...
2829    ['Security / Fire Alarm', 'Intercom Facility',...
2978                                                  NaN
2981    ['Security / Fire Alarm', 'Feng Shui / Vaastu ...
3201    ['Security / Fire Alarm', 'Lift(s)', 'Maintena...
3217    ['Feng Shui / Vaastu Compliant', 'Maintenance ...
3265                                                  NaN
3268    ['Security / Fire Alarm', 'Feng Shui / Vaastu ...
3276    ['Water purifier', 'Centrally Air Conditioned'...
3499    ['Security / Fire Alarm', 'Intercom Facility',...
3553                                                  NaN
Name: features, dtype: object"
sector 108,"61      ['Security / Fire Alarm', 'Feng Shui / Vaastu ...
113     ['Security / Fire Alarm', 'Feng Shui / Vaastu ...
120     ['Private Garden / Terrace', 'High Ceiling Hei...
163     ['Water purifier', 'Centrally Air Conditioned'...
212     ['Intercom Facility', 'Lift(s)', 'Swimming Poo...
246     ['Feng Shui / Vaastu Compliant', 'Security / F...
313     ['Security / Fire Alarm', 'Feng Shui / Vaastu ...
351     ['Feng Shui / Vaastu Compliant', 'Security / F...
389     ['Feng Shui / Vaastu Compliant', 'Security / F...
401     ['Centrally Air Conditioned', 'Water purifier'...
402     ['Feng Shui / Vaastu Compliant', 'Security / F...
477     ['Security / Fire Alarm', 'Feng Shui / Vaastu ...
488     ['Water purifier', 'Security / Fire Alarm', 'P...
578     ['Centrally Air Conditioned', 'Water purifier'...
579     ['Security / Fire Alarm', 'Feng Shui / Vaastu ...
696     ['Centrally Air Conditioned', 'Water purifier'...
766                                                   NaN
821                                                   NaN
904                                                   NaN
974     ['Security / Fire Alarm', 'Private Garden / Te...
1054    ['Feng Shui / Vaastu Compliant', 'High Ceiling...
1087                                                  NaN
1175    ['Private Garden / Terrace', 'No open drainage...
1249    ['Centrally Air Conditioned', 'Water purifier'...
1462                                  ['Visitor Parking']
1522    ['Intercom Facility', 'Lift(s)', 'Maintenance ...
1679    ['Security / Fire Alarm', 'Power Back-up', 'Fe...
1728    ['Security / Fire Alarm', 'Lift(s)', 'High Cei...
1770                                                  NaN
1780    ['Water Storage', 'Park', 'Visitor Parking', '...
1818    ['Power Back-up', 'Lift(s)', 'High Ceiling Hei...
1829                                                  NaN
1858    ['Security / Fire Alarm', 'Private Garden / Te...
1871    ['Centrally Air Conditioned', 'Water purifier'...
1910    ['Feng Shui / Vaastu Compliant', 'Security / F...
2005    ['Lift(s)', 'Swimming Pool', 'Park', 'Visitor ...
2084    ['Feng Shui / Vaastu Compliant', 'Security / F...
2211                                                  NaN
2253                                                  NaN
2319    ['Security / Fire Alarm', 'Feng Shui / Vaastu ...
2329    ['Lift(s)', 'Maintenance Staff', 'Water Storag...
2340    ['Lift(s)', 'Swimming Pool', 'Club house / Com...
2417    ['Centrally Air Conditioned', 'Water purifier'...
2453                                                  NaN
2582    ['Water purifier', 'Security / Fire Alarm', 'F...
2606    ['Centrally Air Conditioned', 'Security / Fire...
2663    ['Security / Fire Alarm', 'Intercom Facility',...
2707                                                  NaN
2775                                                  NaN
2814    ['Security / Fire Alarm', 'Maintenance Staff',...
2903    ['Security / Fire Alarm', 'Intercom Facility',...
3025    ['Power Back-up', 'Feng Shui / Vaastu Complian...
3137    ['Feng Shui / Vaastu Compliant', 'Security / F...
3143                                                  NaN
3267    ['Centrally Air Conditioned', 'Water purifier'...
3305    ['Security / Fire Alarm', 'Intercom Facility',...
3315                                                  NaN
3437    ['Feng Shui / Vaastu Compliant', 'Private Gard...
Name: features, dtype: object"
sector 109,"21      ['Security / Fire Alarm', 'Power Back-up', 'Fe...
80      ['Centrally Air Conditioned', 'Water purifier'...
105     ['Security / Fire Alarm', 'Power Back-up', 'Fe...
125                                                   NaN
132     ['Feng Shui / Vaastu Compliant', 'High Ceiling...
                              ...                        
3231    ['Power Back-up', 'Intercom Facility', 'Lift(s...
3298                                                  NaN
3302    ['Security / Fire Alarm', 'Feng Shui / Vaastu ...
3416                                                  NaN
3436                                                  NaN
Name: features, Length: 85, dtype: object"
sector 10a,"67      ['Intercom Facility', 'Lift(s)', 'Swimming Poo...
116     ['Intercom Facility', 'Lift(s)', 'High Ceiling...
157     ['Private Garden / Terrace', 'Maintenance Staf...
844     ['Security / Fire Alarm', 'Feng Shui / Vaastu ...
1337                                                  NaN
2525    ['Centrally Air Conditioned', 'Internet/wi-fi ...
2632    ['Intercom Facility', 'Lift(s)', 'High Ceiling...
Name: features, dtype: object"
sector 11,"416              ['Intercom Facility', 'Lift(s)', 'Park']
495     ['Water purifier', 'Security / Fire Alarm', 'F...
705                                                   NaN
815     ['Security / Fire Alarm', 'Lift(s)', 'Maintena...
1243    ['Feng Shui / Vaastu Compliant', 'Intercom Fac...
1386                                                  NaN
1530    ['Centrally Air Conditioned', 'Water purifier'...
1734    ['Feng Shui / Vaastu Compliant', 'Security / F...
1846    ['Security / Fire Alarm', 'Power Back-up', 'Fe...
1874    ['Swimming Pool', 'Security Personnel', 'Fitne...
1949    ['Security / Fire Alarm', 'Feng Shui / Vaastu ...
2135    ['Security / Fire Alarm', 'Power Back-up', 'Fe...
2408                  ['Water Storage', 'Waste Disposal']
2939    ['Security / Fire Alarm', 'Feng Shui / Vaastu ...
2955    ['Centrally Air Conditioned', 'Water purifier'...
3039    ['Security / Fire Alarm', 'Lift(s)', 'Maintena...
Name: features, dtype: object"
sector 110,"228                                     ['Water Storage']
289                                                   NaN
370     ['Security / Fire Alarm', 'Feng Shui / Vaastu ...
480                                                   NaN
574     ['Lift(s)', 'Maintenance Staff', 'Swimming Poo...
607                                                   NaN
789     ['Feng Shui / Vaastu Compliant', 'Security / F...
993                                                   NaN
1019    ['Feng Shui / Vaastu Compliant', 'Private Gard...
1116    ['Feng Shui / Vaastu Compliant', 'Security / F...
1188    ['Security / Fire Alarm', 'Intercom Facility',...
1276    ['Security / Fire Alarm', 'Private Garden / Te...
1370    ['Intercom Facility', 'Lift(s)', 'Maintenance ...
2289    ['Intercom Facility', 'Lift(s)', 'Maintenance ...
2419    ['Feng Shui / Vaastu Compliant', 'Security / F...
2637                                                  NaN
2708    ['Centrally Air Conditioned', 'Water purifier'...
2755    ['Security / Fire Alarm', 'Lift(s)', 'Maintena...
2808                                                  NaN
3159    ['Feng Shui / Vaastu Compliant', 'Security / F...
3230    ['Power Back-up', 'Feng Shui / Vaastu Complian...
3383    ['Security / Fire Alarm', 'Intercom Facility',...
Name: features, dtype: object"
sector 111,"1       ['Security / Fire Alarm', 'Feng Shui / Vaastu ...
168     ['Feng Shui / Vaastu Compliant', 'Security / F...
286                                                   NaN
528     ['Maintenance Staff', 'Water Storage', 'Park',...
648     ['Private Garden / Terrace', 'Water Storage', ...
703     ['Centrally Air Conditioned', 'Water purifier'...
784                                                   NaN
936     ['Centrally Air Conditioned', 'Water purifier'...
1065    ['Feng Shui / Vaastu Compliant', 'Private Gard...
1114    ['Security / Fire Alarm', 'Feng Shui / Vaastu ...
1274                                                  NaN
1492    ['Security / Fire Alarm', 'Feng Shui / Vaastu ...
1626                                                  NaN
1743    ['Feng Shui / Vaastu Compliant', 'Lift(s)', 'M...
1855    ['Power Back-up', 'Feng Shui / Vaastu Complian...
2361    ['Security / Fire Alarm', 'Feng Shui / Vaastu ...
2394    ['Private Garden / Terrace', 'Maintenance Staf...
2402    ['Feng Shui / Vaastu Compliant', 'Intercom Fac...
2404    ['Intercom Facility', 'Lift(s)', 'Security / F...
2564    ['Security / Fire Alarm', 'Feng Shui / Vaastu ...
2828    ['Feng Shui / Vaastu Compliant', 'Security / F...
2904    ['Security / Fire Alarm', 'Intercom Facility',...
Name: features, dtype: object"
sector 112,"22      ['Private Garden / Terrace', 'High Ceiling Hei...
123     ['Lift(s)', 'Water Storage', 'Park', 'Visitor ...
349     ['Feng Shui / Vaastu Compliant', 'Maintenance ...
417     ['Power Back-up', 'Feng Shui / Vaastu Complian...
536     ['Intercom Facility', 'Lift(s)', 'Maintenance ...
557                                     ['Water Storage']
601     ['Feng Shui / Vaastu Compliant', 'Security / F...
681     ['Feng Shui / Vaastu Compliant', 'Security / F...
792     ['Centrally Air Conditioned', 'Water purifier'...
930     ['Security / Fire Alarm', 'Power Back-up', 'In...
1017    ['Security / Fire Alarm', 'Feng Shui / Vaastu ...
1052    ['Centrally Air Conditioned', 'Water purifier'...
1298    ['Feng Shui / Vaastu Compliant', 'Private Gard...
1333    ['Centrally Air Conditioned', 'Security / Fire...
1487    ['Feng Shui / Vaastu Compliant', 'Private Gard...
1560    ['Centrally Air Conditioned', 'Water purifier'...
1747    ['Feng Shui / Vaastu Compliant', 'Security / F...
1753    ['Private Garden / Terrace', 'Water Storage', ...
2473    ['Security / Fire Alarm', 'Power Back-up', 'Fe...
2953    ['Security / Fire Alarm', 'Intercom Facility',...
3391    ['Security / Fire Alarm', 'Feng Shui / Vaastu ...
3413                                                  NaN
Name: features, dtype: object"
sector 113,"79                                                    NaN
122     ['Power Back-up', 'Intercom Facility', 'Lift(s...
159     ['Security / Fire Alarm', 'Power Back-up', 'Fe...
185     ['Feng Shui / Vaastu Compliant', 'Private Gard...
364     ['Feng Shui / Vaastu Compliant', 'Intercom Fac...
549     ['Security / Fire Alarm', 'Feng Shui / Vaastu ...
694     ['Intercom Facility', 'Lift(s)', 'High Ceiling...
787     ['Power Back-up', 'Feng Shui / Vaastu Complian...
928     ['Feng Shui / Vaastu Compliant', 'Security / F...
946     ['Centrally Air Conditioned', 'Security / Fire...
1098                                                  NaN
1304    ['Feng Shui / Vaastu Compliant', 'Security / F...
1566    ['Security / Fire Alarm', 'Intercom Facility',...
1654                                                  NaN
1821    ['Feng Shui / Vaastu Compliant', 'Private Gard...
1845                                                  NaN
1891    ['Water purifier', 'Centrally Air Conditioned'...
1899    ['Security / Fire Alarm', 'Power Back-up', 'In...
2091    ['Centrally Air Conditioned', 'Water purifier'...
2192                                                  NaN
2254    ['Feng Shui / Vaastu Compliant', 'Private Gard...
2261    ['Centrally Air Conditioned', 'Water purifier'...
2280    ['Feng Shui / Vaastu Compliant', 'Rain Water H...
2341    ['Feng Shui / Vaastu Compliant', 'Private Gard...
2383    ['Security / Fire Alarm', 'Power Back-up', 'Fe...
2411                                                  NaN
2499                                                  NaN
2644    ['Centrally Air Conditioned', 'Water purifier'...
2701    ['Feng Shui / Vaastu Compliant', 'Security / F...
2822     ['Maintenance Staff', 'Park', 'Visitor Parking']
2880    ['Feng Shui / Vaastu Compliant', 'Intercom Fac...
2927                                                  NaN
3028    ['Security / Fire Alarm', 'Intercom Facility',...
3059    ['Water purifier', 'Centrally Air Conditioned'...
3149    ['Power Back-up', 'Lift(s)', 'High Ceiling Hei...
3251                                                  NaN
3266    ['Centrally Air Conditioned', 'Water purifier'...
3271    ['Intercom Facility', 'Lift(s)', 'Maintenance ...
3328    ['Power Back-up', 'Intercom Facility', 'Lift(s...
3349    ['Security / Fire Alarm', 'Feng Shui / Vaastu ...
3364                                                  NaN
3366    ['Centrally Air Conditioned', 'Water purifier'...
3476    ['Intercom Facility', 'Lift(s)', 'Swimming Poo...
Name: features, dtype: object"
sector 12,"35                                                    NaN
329     ['Security / Fire Alarm', 'Feng Shui / Vaastu ...
330                                                   NaN
363     ['Feng Shui / Vaastu Compliant', 'Water Storag...
382     ['Lift(s)', 'Swimming Pool', 'Park', 'Club hou...
394                          ['Private Garden / Terrace']
400     ['Power Back-up', 'Intercom Facility', 'Lift(s...
449                                                   NaN
707     ['Water purifier', 'Centrally Air Conditioned'...
735     ['Security / Fire Alarm', 'Feng Shui / Vaastu ...
878     ['Feng Shui / Vaastu Compliant', 'Private Gard...
925     ['Feng Shui / Vaastu Compliant', 'Security / F...
1040                                                  NaN
1267                                                  NaN
1291    ['Security / Fire Alarm', 'Power Back-up', 'Fe...
1302                                                  NaN
1603                                                  NaN
1783                                                  NaN
1798    ['Power Back-up', 'Intercom Facility', 'Lift(s...
2003    ['Security / Fire Alarm', 'Feng Shui / Vaastu ...
2218                                                  NaN
2260    ['Centrally Air Conditioned', 'Water purifier'...
2290    ['Feng Shui / Vaastu Compliant', 'Security / F...
2304    ['Power Back-up', 'Lift(s)', 'Maintenance Staf...
2321    ['Private Garden / Terrace', 'Water Storage', ...
2328    ['Water purifier', 'Security / Fire Alarm', 'P...
2364    ['Centrally Air Conditioned', 'Water purifier'...
2842    ['Centrally Air Conditioned', 'Water purifier'...
3249    ['Security / Fire Alarm', 'Water purifier', 'H...
3301    ['Feng Shui / Vaastu Compliant', 'Private Gard...
3356    ['Security / Fire Alarm', 'Feng Shui / Vaastu ...
Name: features, dtype: object"
sector 13,"38                                                    NaN
259     ['Private Garden / Terrace', 'Water Storage', ...
503     ['Private Garden / Terrace', 'Water Storage', ...
1174    ['Security / Fire Alarm', 'Feng Shui / Vaastu ...
1283                                                  NaN
1628    ['Feng Shui / Vaastu Compliant', 'Intercom Fac...
1632    ['Water Storage', 'Visitor Parking', 'Waste Di...
3211    ['Centrally Air Conditioned', 'Water purifier'...
3512                                                  NaN
Name: features, dtype: object"
sector 14,"78      ['Security / Fire Alarm', 'Power Back-up', 'Li...
108     ['Water purifier', 'Centrally Air Conditioned'...
531     ['Security / Fire Alarm', 'Power Back-up', 'Fe...
593     ['Feng Shui / Vaastu Compliant', 'Private Gard...
868     ['Security / Fire Alarm', 'Feng Shui / Vaastu ...
1039    ['Feng Shui / Vaastu Compliant', 'Intercom Fac...
1060                                  ['Lift(s)', 'Park']
1086    ['Security / Fire Alarm', 'Power Back-up', 'Fe...
1317    ['Feng Shui / Vaastu Compliant', 'Security / F...
1408    ['Intercom Facility', 'Lift(s)', 'Maintenance ...
1516                                                  NaN
2239    ['Power Back-up', 'Feng Shui / Vaastu Complian...
2465    ['Feng Shui / Vaastu Compliant', 'Private Gard...
2682    ['Security / Fire Alarm', 'Feng Shui / Vaastu ...
2824                                                  NaN
2856    ['Security / Fire Alarm', 'Lift(s)', 'Maintena...
2967    ['Feng Shui / Vaastu Compliant', 'Maintenance ...
3390    ['Security / Fire Alarm', 'Feng Shui / Vaastu ...
Name: features, dtype: object"
sector 15,"133     ['Security / Fire Alarm', 'Power Back-up', 'Li...
307     ['Park', 'Club house / Community Center', 'Wat...
625     ['Security / Fire Alarm', 'Power Back-up', 'Fe...
1313    ['Feng Shui / Vaastu Compliant', 'Security / F...
1540                                                  NaN
2447                                                  NaN
Name: features, dtype: object"
sector 17,"728     ['Security / Fire Alarm', 'Power Back-up', 'Fe...
748     ['Feng Shui / Vaastu Compliant', 'Maintenance ...
808     ['Lift(s)', 'Swimming Pool', 'Fitness Centre /...
1339    ['Security / Fire Alarm', 'Feng Shui / Vaastu ...
1739                         ['Private Garden / Terrace']
3491                                                  NaN
Name: features, dtype: object"
sector 17a,"812    NaN
Name: features, dtype: object"
sector 17b,"68      ['Feng Shui / Vaastu Compliant', 'Private Gard...
689     ['Feng Shui / Vaastu Compliant', 'Lift(s)', 'S...
2049    ['Feng Shui / Vaastu Compliant', 'Private Gard...
Name: features, dtype: object"
sector 2,"74      ['Water purifier', 'Centrally Air Conditioned'...
94      ['Feng Shui / Vaastu Compliant', 'Security / F...
121          ['Piped-gas', 'Internet/wi-fi connectivity']
298     ['Swimming Pool', 'Fitness Centre / GYM', 'Wat...
327                                                   NaN
                              ...                        
3116    ['Feng Shui / Vaastu Compliant', 'Security / F...
3404                                    ['Natural Light']
3406    ['Water purifier', 'Security / Fire Alarm', 'P...
3435    ['Security / Fire Alarm', 'Feng Shui / Vaastu ...
3496    ['Feng Shui / Vaastu Compliant', 'Private Gard...
Name: features, Length: 61, dtype: object"
sector 21,"1278    ['Security / Fire Alarm', 'Feng Shui / Vaastu ...
1736    ['Security / Fire Alarm', 'Feng Shui / Vaastu ...
1757    ['Security / Fire Alarm', 'Power Back-up', 'Li...
1943    ['Water Storage', 'Park', 'Visitor Parking', '...
2111                                                  NaN
2358                                                  NaN
Name: features, dtype: object"
sector 22,"208     ['Feng Shui / Vaastu Compliant', 'Security / F...
692     ['Security / Fire Alarm', 'Feng Shui / Vaastu ...
827     ['Feng Shui / Vaastu Compliant', 'High Ceiling...
839     ['Feng Shui / Vaastu Compliant', 'Lift(s)', 'S...
943     ['Security / Fire Alarm', 'Feng Shui / Vaastu ...
991     ['Feng Shui / Vaastu Compliant', 'Park', 'Rain...
1385                                                  NaN
1477    ['Security / Fire Alarm', 'Power Back-up', 'Fe...
1502                                                  NaN
1794    ['Water Storage', 'Park', 'Rain Water Harvesti...
2288    ['Feng Shui / Vaastu Compliant', 'Security / F...
2316    ['Centrally Air Conditioned', 'Water purifier'...
2373    ['Feng Shui / Vaastu Compliant', 'Private Gard...
2613    ['Power Back-up', 'Security / Fire Alarm', 'In...
2812    ['Feng Shui / Vaastu Compliant', 'Lift(s)', 'S...
3055    ['Maintenance Staff', 'Water Storage', 'Visito...
3088    ['Water purifier', 'Security / Fire Alarm', 'F...
3186    ['Security / Fire Alarm', 'Power Back-up', 'Fe...
3255    ['Centrally Air Conditioned', 'Water purifier'...
3303    ['Power Back-up', 'Feng Shui / Vaastu Complian...
Name: features, dtype: object"
sector 23,"171     ['Power Back-up', 'Lift(s)', 'Swimming Pool', ...
263     ['Feng Shui / Vaastu Compliant', 'Security / F...
339              ['Intercom Facility', 'Lift(s)', 'Park']
360     ['Security / Fire Alarm', 'Feng Shui / Vaastu ...
609     ['Feng Shui / Vaastu Compliant', 'Private Gard...
726     ['Security / Fire Alarm', 'Feng Shui / Vaastu ...
876     ['Private Garden / Terrace', 'Maintenance Staf...
1447    ['Feng Shui / Vaastu Compliant', 'Intercom Fac...
1460                                                  NaN
2082    ['Power Back-up', 'Intercom Facility', 'Lift(s...
2386    ['Security / Fire Alarm', 'Lift(s)', 'Water St...
3195    ['Feng Shui / Vaastu Compliant', 'Security / F...
3467                                                  NaN
Name: features, dtype: object"
sector 24,"64      ['Security / Fire Alarm', 'Power Back-up', 'In...
86      ['Centrally Air Conditioned', 'Security / Fire...
89                                                    NaN
126     ['Lift(s)', 'Swimming Pool', 'Park', 'Fitness ...
170     ['Centrally Air Conditioned', 'Water purifier'...
302     ['Feng Shui / Vaastu Compliant', 'Security / F...
321     ['Feng Shui / Vaastu Compliant', 'Security / F...
335     ['Security / Fire Alarm', 'Power Back-up', 'Fe...
551     ['Security / Fire Alarm', 'High Ceiling Height...
1009    ['Security / Fire Alarm', 'Power Back-up', 'Fe...
1538    ['Feng Shui / Vaastu Compliant', 'Security / F...
1622    ['Centrally Air Conditioned', 'Water purifier'...
1712                                                  NaN
2077    ['Water purifier', 'Security / Fire Alarm', 'F...
2337                                                  NaN
2435    ['Feng Shui / Vaastu Compliant', 'Security / F...
2496                                                  NaN
3127    ['Power Back-up', 'Security / Fire Alarm', 'In...
3228    ['Lift(s)', 'Swimming Pool', 'Park', 'Fitness ...
3250                                                  NaN
Name: features, dtype: object"
sector 25,"347     ['Centrally Air Conditioned', 'Water purifier'...
475     ['Intercom Facility', 'Lift(s)', 'High Ceiling...
491     ['Security / Fire Alarm', 'Feng Shui / Vaastu ...
519     ['Power Back-up', 'Feng Shui / Vaastu Complian...
535     ['Centrally Air Conditioned', 'Water purifier'...
580     ['Security / Fire Alarm', 'Private Garden / Te...
644                                                   NaN
740     ['Centrally Air Conditioned', 'Water purifier'...
898                                                   NaN
987                                                   NaN
1020                                                  NaN
1068    ['Power Back-up', 'Lift(s)', 'Maintenance Staf...
1074    ['Security / Fire Alarm', 'Lift(s)', 'Maintena...
1126    ['Feng Shui / Vaastu Compliant', 'Visitor Park...
1205    ['Security / Fire Alarm', 'Power Back-up', 'Fe...
1235    ['Security / Fire Alarm', 'Intercom Facility',...
1311    ['Security / Fire Alarm', 'Feng Shui / Vaastu ...
1391    ['Power Back-up', 'Intercom Facility', 'Lift(s...
1443    ['Security / Fire Alarm', 'Feng Shui / Vaastu ...
1504    ['Security / Fire Alarm', 'Power Back-up', 'Fe...
1584    ['Feng Shui / Vaastu Compliant', 'Security / F...
1588    ['Security / Fire Alarm', 'Power Back-up', 'Fe...
1820    ['Security / Fire Alarm', 'Feng Shui / Vaastu ...
1884                                                  NaN
2070    ['Feng Shui / Vaastu Compliant', 'Private Gard...
2178    ['Water purifier', 'Security / Fire Alarm', 'F...
2332    ['Centrally Air Conditioned', 'Water purifier'...
2522    ['Feng Shui / Vaastu Compliant', 'Private Gard...
2827    ['Security / Fire Alarm', 'Intercom Facility',...
2864                                                  NaN
2932    ['Water purifier', 'Centrally Air Conditioned'...
3119    ['Security / Fire Alarm', 'Feng Shui / Vaastu ...
3221    ['Security / Fire Alarm', 'Feng Shui / Vaastu ...
3258                                                  NaN
3282    ['Security / Fire Alarm', 'Power Back-up', 'Fe...
3423    ['Security / Fire Alarm', 'Feng Shui / Vaastu ...
3441    ['Security / Fire Alarm', 'Power Back-up', 'Fe...
Name: features, dtype: object"
sector 26,"5       ['Security / Fire Alarm', 'Feng Shui / Vaastu ...
30      ['Feng Shui / Vaastu Compliant', 'Security / F...
96      ['Feng Shui / Vaastu Compliant', 'Private Gard...
160     ['Security / Fire Alarm', 'Feng Shui / Vaastu ...
177     ['Security / Fire Alarm', 'Power Back-up', 'Fe...
437     ['Security / Fire Alarm', 'Power Back-up', 'Fe...
515                                                   NaN
560     ['Centrally Air Conditioned', 'Water purifier'...
589     ['Feng Shui / Vaastu Compliant', 'Private Gard...
591     ['Security / Fire Alarm', 'Feng Shui / Vaastu ...
650     ['Feng Shui / Vaastu Compliant', 'Lift(s)', 'H...
665                                                   NaN
729     ['Security / Fire Alarm', 'Private Garden / Te...
842     ['Intercom Facility', 'Maintenance Staff', 'Wa...
1038                                                  NaN
1062                                                  NaN
1216    ['Centrally Air Conditioned', 'Security / Fire...
1239    ['Security / Fire Alarm', 'Lift(s)', 'Swimming...
1329                                                  NaN
1351    ['Water purifier', 'Security / Fire Alarm', 'F...
1371                                                  NaN
1550    ['Feng Shui / Vaastu Compliant', 'Private Gard...
1691                                                  NaN
1792    ['Intercom Facility', 'Lift(s)', 'Maintenance ...
2040    ['Security / Fire Alarm', 'Feng Shui / Vaastu ...
2041    ['Intercom Facility', 'Lift(s)', 'Swimming Poo...
2174                                                  NaN
2298    ['Security / Fire Alarm', 'Feng Shui / Vaastu ...
2301    ['Feng Shui / Vaastu Compliant', 'Lift(s)', 'I...
2567                                                  NaN
2851    ['Centrally Air Conditioned', 'Water purifier'...
2863    ['Security / Fire Alarm', 'Feng Shui / Vaastu ...
2987    ['Water purifier', 'Security / Fire Alarm', 'P...
3006    ['Security / Fire Alarm', 'Feng Shui / Vaastu ...
3040    ['Private Garden / Terrace', 'High Ceiling Hei...
3176                                                  NaN
3190                                                  NaN
3218    ['Water Storage', 'Park', 'Visitor Parking', '...
3329                                                  NaN
3395    ['Security / Fire Alarm', 'Intercom Facility',...
Name: features, dtype: object"
sector 27,"53     ['Lift(s)', 'Maintenance Staff', 'Water Storag...
786    ['Feng Shui / Vaastu Compliant', 'Security / F...
Name: features, dtype: object"
sector 28,"33      ['Security / Fire Alarm', 'Intercom Facility',...
107                                                   NaN
145     ['Private Garden / Terrace', 'Water Storage', ...
186     ['Feng Shui / Vaastu Compliant', 'Private Gard...
209     ['Security / Fire Alarm', 'Private Garden / Te...
239     ['Security / Fire Alarm', 'Feng Shui / Vaastu ...
247     ['Security / Fire Alarm', 'Feng Shui / Vaastu ...
288     ['Feng Shui / Vaastu Compliant', 'Security / F...
456     ['Security / Fire Alarm', 'Power Back-up', 'In...
489                                                   NaN
555     ['Feng Shui / Vaastu Compliant', 'High Ceiling...
676     ['Feng Shui / Vaastu Compliant', 'Water Storag...
1064    ['Centrally Air Conditioned', 'Water purifier'...
1076    ['Feng Shui / Vaastu Compliant', 'Private Gard...
1343    ['Security / Fire Alarm', 'Power Back-up', 'Li...
1517                                                  NaN
1652    ['Security / Fire Alarm', 'Lift(s)', 'Water pu...
1911    ['Feng Shui / Vaastu Compliant', 'Private Gard...
1931    ['Security / Fire Alarm', 'Intercom Facility',...
2060    ['Security / Fire Alarm', 'Intercom Facility',...
2096    ['Feng Shui / Vaastu Compliant', 'Security / F...
2098                                                  NaN
2132    ['Security / Fire Alarm', 'Intercom Facility',...
2150    ['Centrally Air Conditioned', 'Water purifier'...
2309    ['Security / Fire Alarm', 'Intercom Facility',...
2395    ['Power Back-up', 'Feng Shui / Vaastu Complian...
2524                                                  NaN
2720    ['Security / Fire Alarm', 'Feng Shui / Vaastu ...
2801    ['Security / Fire Alarm', 'Lift(s)', 'Maintena...
2807    ['Lift(s)', 'Park', 'Fitness Centre / GYM', 'C...
2902                                                  NaN
2916    ['Centrally Air Conditioned', 'Water purifier'...
2942    ['Security / Fire Alarm', 'Power Back-up', 'Fe...
2971                                                  NaN
3011    ['Feng Shui / Vaastu Compliant', 'Private Gard...
3020    ['Security / Fire Alarm', 'Intercom Facility',...
3103    ['Power Back-up', 'Feng Shui / Vaastu Complian...
3120    ['Security / Fire Alarm', 'Feng Shui / Vaastu ...
3450    ['Intercom Facility', 'Lift(s)', 'High Ceiling...
Name: features, dtype: object"
sector 3,"174                                                   NaN
210     ['Feng Shui / Vaastu Compliant', 'Security / F...
379                                                   NaN
539     ['Feng Shui / Vaastu Compliant', 'Security / F...
624     ['Security / Fire Alarm', 'Feng Shui / Vaastu ...
645                                                   NaN
672     ['Feng Shui / Vaastu Compliant', 'Private Gard...
794     ['Security / Fire Alarm', 'Feng Shui / Vaastu ...
828     ['Security / Fire Alarm', 'Intercom Facility',...
1131    ['Centrally Air Conditioned', 'Water purifier'...
1369    ['Centrally Air Conditioned', 'Water purifier'...
1393                                                  NaN
1644    ['Power Back-up', 'Feng Shui / Vaastu Complian...
1778    ['Feng Shui / Vaastu Compliant', 'Security / F...
1830    ['Security / Fire Alarm', 'Lift(s)', 'Swimming...
2054    ['Lift(s)', 'Swimming Pool', 'Park', 'Shopping...
2058    ['Feng Shui / Vaastu Compliant', 'Security / F...
2093    ['Feng Shui / Vaastu Compliant', 'Private Gard...
2202                                                  NaN
2595    ['Power Back-up', 'Feng Shui / Vaastu Complian...
2875    ['Feng Shui / Vaastu Compliant', 'Private Gard...
3138    ['Feng Shui / Vaastu Compliant', 'Intercom Fac...
3394    ['Feng Shui / Vaastu Compliant', 'Lift(s)', 'P...
3445    ['Water purifier', 'Security / Fire Alarm', 'P...
Name: features, dtype: object"
sector 3 phase 2,"836     ['Power Back-up', 'Intercom Facility', 'Lift(s...
1400    ['Lift(s)', 'Swimming Pool', 'Park', 'Shopping...
1896    ['Centrally Air Conditioned', 'Water purifier'...
1985    ['Security / Fire Alarm', 'Lift(s)', 'Maintena...
2325                                    ['Water Storage']
3091                                                  NaN
Name: features, dtype: object"
sector 3 phase 3 extension,"344                                                   NaN
643     ['Security / Fire Alarm', 'Feng Shui / Vaastu ...
969     ['Lift(s)', 'Maintenance Staff', 'Swimming Poo...
972     ['Security / Fire Alarm', 'Power Back-up', 'Fe...
1023    ['Security / Fire Alarm', 'Power Back-up', 'Fe...
2100    ['Centrally Air Conditioned', 'Water purifier'...
2604    ['Security / Fire Alarm', 'Feng Shui / Vaastu ...
3233    ['Power Back-up', 'Lift(s)', 'Swimming Pool', ...
3343    ['Intercom Facility', 'Lift(s)', 'False Ceilin...
Name: features, dtype: object"
sector 30,"572     ['Feng Shui / Vaastu Compliant', 'Intercom Fac...
686     ['Security / Fire Alarm', 'Power Back-up', 'Fe...
1107                                                  NaN
2175    ['Feng Shui / Vaastu Compliant', 'Private Gard...
3405                                                  NaN
Name: features, dtype: object"
sector 31,"354     ['Centrally Air Conditioned', 'Water purifier'...
776     ['Feng Shui / Vaastu Compliant', 'Private Gard...
1259    ['Lift(s)', 'High Ceiling Height', 'Maintenanc...
1421                                                  NaN
1501    ['Feng Shui / Vaastu Compliant', 'Security / F...
1641    ['Security / Fire Alarm', 'Feng Shui / Vaastu ...
1961    ['Security / Fire Alarm', 'Power Back-up', 'Fe...
2426                                                  NaN
3269                                                  NaN
3463                                                  NaN
Name: features, dtype: object"
sector 33,"46      ['Security / Fire Alarm', 'Feng Shui / Vaastu ...
134     ['Security / Fire Alarm', 'Power Back-up', 'Li...
222     ['Security / Fire Alarm', 'Intercom Facility',...
254     ['Intercom Facility', 'Lift(s)', 'Maintenance ...
398     ['Security / Fire Alarm', 'Feng Shui / Vaastu ...
                              ...                        
3292    ['Feng Shui / Vaastu Compliant', 'Private Gard...
3335    ['Feng Shui / Vaastu Compliant', 'Intercom Fac...
3502                                                  NaN
3503    ['Water purifier', 'Security / Fire Alarm', 'P...
3530                                                  NaN
Name: features, Length: 67, dtype: object"
sector 36,"415     ['Feng Shui / Vaastu Compliant', 'Security / F...
487     ['Power Back-up', 'Lift(s)', 'Swimming Pool', ...
663     ['Power Back-up', 'Feng Shui / Vaastu Complian...
846     ['Centrally Air Conditioned', 'Water purifier'...
982     ['No open drainage around', 'Piped-gas', 'Visi...
1191    ['Feng Shui / Vaastu Compliant', 'Private Gard...
1415    ['Lift(s)', 'Maintenance Staff', 'Park', 'Visi...
1684    ['Feng Shui / Vaastu Compliant', 'Private Gard...
2377    ['Feng Shui / Vaastu Compliant', 'Intercom Fac...
2670    ['Security / Fire Alarm', 'Intercom Facility',...
3142                                                  NaN
Name: features, dtype: object"
sector 36a,"172     ['Security / Fire Alarm', 'Power Back-up', 'In...
206                                                   NaN
435     ['Security / Fire Alarm', 'Feng Shui / Vaastu ...
440     ['Feng Shui / Vaastu Compliant', 'Security / F...
494     ['Power Back-up', 'Intercom Facility', 'Lift(s...
711     ['Security / Fire Alarm', 'Private Garden / Te...
1034         ['Water Storage', 'Park', 'Visitor Parking']
1090                                                  NaN
1875    ['Power Back-up', 'Feng Shui / Vaastu Complian...
2789                                                  NaN
2882    ['Feng Shui / Vaastu Compliant', 'Security / F...
Name: features, dtype: object"
sector 37,"883    ['Feng Shui / Vaastu Compliant', 'Security / F...
Name: features, dtype: object"
sector 37c,"47      ['Power Back-up', 'Feng Shui / Vaastu Complian...
128                                                   NaN
257     ['Security / Fire Alarm', 'Private Garden / Te...
315     ['Lift(s)', 'Swimming Pool', 'Park', 'Fitness ...
738     ['Centrally Air Conditioned', 'Water purifier'...
768     ['Intercom Facility', 'Lift(s)', 'Swimming Poo...
798     ['Lift(s)', 'Maintenance Staff', 'Water Storag...
847     ['Power Back-up', 'Feng Shui / Vaastu Complian...
890                                                   NaN
986     ['Feng Shui / Vaastu Compliant', 'Security / F...
1003    ['Power Back-up', 'Feng Shui / Vaastu Complian...
1030    ['Intercom Facility', 'Lift(s)', 'Maintenance ...
1108                                                  NaN
1123    ['Security / Fire Alarm', 'Power Back-up', 'Fe...
1151    ['Security / Fire Alarm', 'Intercom Facility',...
1158                                                  NaN
1242    ['Feng Shui / Vaastu Compliant', 'Security / F...
1264                                                  NaN
1353    ['Centrally Air Conditioned', 'Water purifier'...
1373                                  ['Visitor Parking']
1420    ['Security / Fire Alarm', 'Intercom Facility',...
1436    ['Power Back-up', 'Security / Fire Alarm', 'In...
1439                                                  NaN
1481    ['Feng Shui / Vaastu Compliant', 'Security / F...
1569    ['Security / Fire Alarm', 'Power Back-up', 'Fe...
1573    ['Power Back-up', 'Feng Shui / Vaastu Complian...
1607    ['Feng Shui / Vaastu Compliant', 'Security / F...
1620    ['Power Back-up', 'Intercom Facility', 'Lift(s...
1647    ['Feng Shui / Vaastu Compliant', 'Lift(s)', 'M...
1686    ['Centrally Air Conditioned', 'Water purifier'...
1836    ['Security / Fire Alarm', 'Power Back-up', 'Fe...
2048    ['Private Garden / Terrace', 'High Ceiling Hei...
2268    ['Lift(s)', 'Swimming Pool', 'Park', 'Fitness ...
2331    ['Security / Fire Alarm', 'Feng Shui / Vaastu ...
2362    ['Power Back-up', 'Feng Shui / Vaastu Complian...
2385    ['Power Back-up', 'Feng Shui / Vaastu Complian...
2474                                                  NaN
2654    ['Security / Fire Alarm', 'Private Garden / Te...
2763    ['Feng Shui / Vaastu Compliant', 'Security / F...
2783    ['Power Back-up', 'Intercom Facility', 'Lift(s...
2868    ['Feng Shui / Vaastu Compliant', 'Lift(s)', 'M...
2944                                                  NaN
3045    ['Security / Fire Alarm', 'Intercom Facility',...
3050    ['Centrally Air Conditioned', 'Water purifier'...
3057                 ['Water purifier', 'Waste Disposal']
3151               ['Lift(s)', 'Park', 'Visitor Parking']
3235    ['Centrally Air Conditioned', 'Water purifier'...
3338                                  ['Lift(s)', 'Park']
3397    ['Centrally Air Conditioned', 'Security / Fire...
3478    ['Feng Shui / Vaastu Compliant', 'Intercom Fac...
3542    ['Centrally Air Conditioned', 'Security / Fire...
Name: features, dtype: object"
sector 37d,"227     ['Intercom Facility', 'Lift(s)', 'Swimming Poo...
258     ['Water purifier', 'Security / Fire Alarm', 'F...
282                        ['Park', 'Spacious Interiors']
318     ['Centrally Air Conditioned', 'Water purifier'...
478                                                   NaN
                              ...                        
3459    ['Centrally Air Conditioned', 'Security / Fire...
3484    ['Intercom Facility', 'Lift(s)', 'Maintenance ...
3488                                                  NaN
3521                                                  NaN
3532    ['Feng Shui / Vaastu Compliant', 'Intercom Fac...
Name: features, Length: 63, dtype: object"
sector 38,"484     ['Security / Fire Alarm', 'Intercom Facility',...
800     ['Lift(s)', 'Swimming Pool', 'Park', 'Fitness ...
803     ['Centrally Air Conditioned', 'Water purifier'...
1419    ['Feng Shui / Vaastu Compliant', 'Security / F...
1889    ['Water Storage', 'No open drainage around', '...
1952                                                  NaN
2423    ['Centrally Air Conditioned', 'Water purifier'...
2961                                                  NaN
3173    ['Power Back-up', 'Feng Shui / Vaastu Complian...
3384    ['Water purifier', 'Centrally Air Conditioned'...
Name: features, dtype: object"
sector 39,"37      ['Water purifier', 'Centrally Air Conditioned'...
314     ['Security / Fire Alarm', 'Power Back-up', 'In...
597     ['Feng Shui / Vaastu Compliant', 'Private Gard...
717                                   ['Visitor Parking']
720     ['Security / Fire Alarm', 'Feng Shui / Vaastu ...
920     ['Security / Fire Alarm', 'Feng Shui / Vaastu ...
990     ['Security / Fire Alarm', 'Intercom Facility',...
1777    ['Security / Fire Alarm', 'Intercom Facility',...
2146    ['Power Back-up', 'Feng Shui / Vaastu Complian...
2940    ['Feng Shui / Vaastu Compliant', 'Private Gard...
3207    ['Security / Fire Alarm', 'Feng Shui / Vaastu ...
Name: features, dtype: object"
sector 4,"40      ['Feng Shui / Vaastu Compliant', 'Security / F...
88      ['Centrally Air Conditioned', 'Water purifier'...
117     ['Centrally Air Conditioned', 'Water purifier'...
189     ['Feng Shui / Vaastu Compliant', 'Security / F...
403     ['Feng Shui / Vaastu Compliant', 'Security / F...
521                                   ['Visitor Parking']
614     ['Security / Fire Alarm', 'Feng Shui / Vaastu ...
649     ['Power Back-up', 'Feng Shui / Vaastu Complian...
674                                                   NaN
960     ['Security / Fire Alarm', 'Intercom Facility',...
1091                                                  NaN
1138    ['Feng Shui / Vaastu Compliant', 'Private Gard...
1142                                                  NaN
1348    ['Feng Shui / Vaastu Compliant', 'Park', 'Visi...
1368    ['Centrally Air Conditioned', 'Water purifier'...
1458    ['Centrally Air Conditioned', 'Security / Fire...
1613    ['Centrally Air Conditioned', 'Water purifier'...
1693    ['Security / Fire Alarm', 'Feng Shui / Vaastu ...
1760                                                  NaN
1886    ['Power Back-up', 'Feng Shui / Vaastu Complian...
1908                                                  NaN
2144    ['Security / Fire Alarm', 'Feng Shui / Vaastu ...
2208    ['Security / Fire Alarm', 'Feng Shui / Vaastu ...
2357    ['Feng Shui / Vaastu Compliant', 'Maintenance ...
2410                                                  NaN
2493    ['Security / Fire Alarm', 'Lift(s)', 'Maintena...
2533    ['Security / Fire Alarm', 'Intercom Facility',...
2585    ['False Ceiling Lighting', 'Water Storage', 'N...
2686    ['Feng Shui / Vaastu Compliant', 'Maintenance ...
2714    ['Security / Fire Alarm', 'Feng Shui / Vaastu ...
2717        ['Feng Shui / Vaastu Compliant', 'Piped-gas']
2761    ['Security / Fire Alarm', 'Feng Shui / Vaastu ...
2840    ['Feng Shui / Vaastu Compliant', 'Private Gard...
2896            ['Security Personnel', 'Shopping Centre']
2947    ['Security / Fire Alarm', 'Power Back-up', 'Li...
3000    ['Power Back-up', 'Intercom Facility', 'Lift(s...
3077    ['Security / Fire Alarm', 'Power Back-up', 'Fe...
3213                                                  NaN
3285    ['Security / Fire Alarm', 'Feng Shui / Vaastu ...
3304    ['High Ceiling Height', 'False Ceiling Lightin...
3306    ['Feng Shui / Vaastu Compliant', 'Private Gard...
3309    ['Feng Shui / Vaastu Compliant', 'Security / F...
3317                                                  NaN
3419    ['Intercom Facility', 'Lift(s)', 'Swimming Poo...
3451                                                  NaN
Name: features, dtype: object"
sector 40,"604     ['Water purifier', 'Centrally Air Conditioned'...
2293                                                  NaN
2545    ['Security / Fire Alarm', 'Feng Shui / Vaastu ...
2616    ['Security / Fire Alarm', 'Intercom Facility',...
2732    ['Security / Fire Alarm', 'Feng Shui / Vaastu ...
Name: features, dtype: object"
sector 41,"148     ['Security / Fire Alarm', 'Power Back-up', 'Fe...
243     ['Lift(s)', 'Swimming Pool', 'Park', 'Fitness ...
922     ['Feng Shui / Vaastu Compliant', 'Intercom Fac...
976     ['Security / Fire Alarm', 'Feng Shui / Vaastu ...
1473    ['Power Back-up', 'Intercom Facility', 'Lift(s...
1741    ['Security / Fire Alarm', 'Lift(s)', 'Swimming...
2295    ['Security / Fire Alarm', 'Feng Shui / Vaastu ...
2624    ['Centrally Air Conditioned', 'Water purifier'...
2948    ['Centrally Air Conditioned', 'Water purifier'...
3479    ['Intercom Facility', 'Lift(s)', 'Maintenance ...
3534    ['Lift(s)', 'Maintenance Staff', 'Swimming Poo...
Name: features, dtype: object"
sector 43,"4       ['Private Garden / Terrace', 'Water purifier',...
10      ['Security / Fire Alarm', 'Power Back-up', 'Fe...
103     ['Water purifier', 'Centrally Air Conditioned'...
112     ['Security / Fire Alarm', 'Feng Shui / Vaastu ...
118     ['Feng Shui / Vaastu Compliant', 'Intercom Fac...
141     ['Intercom Facility', 'Lift(s)', 'Water purifi...
167                                                   NaN
301                                                   NaN
306                                                   NaN
317                                                   NaN
425     ['Power Back-up', 'Lift(s)', 'Swimming Pool', ...
472                                                   NaN
661     ['Feng Shui / Vaastu Compliant', 'Security / F...
690     ['Power Back-up', 'Intercom Facility', 'Lift(s...
704                                                   NaN
732     ['Park', 'Visitor Parking', 'Low Density Socie...
743              ['Intercom Facility', 'Lift(s)', 'Park']
852     ['Feng Shui / Vaastu Compliant', 'Private Gard...
964     ['Centrally Air Conditioned', 'Water purifier'...
1043    ['Security / Fire Alarm', 'Feng Shui / Vaastu ...
1055    ['Water purifier', 'Security / Fire Alarm', 'F...
1058    ['Power Back-up', 'Feng Shui / Vaastu Complian...
1189                                                  NaN
1229    ['Security / Fire Alarm', 'Intercom Facility',...
1299    ['Feng Shui / Vaastu Compliant', 'Security / F...
1379    ['Feng Shui / Vaastu Compliant', 'Intercom Fac...
1412                                                  NaN
1449    ['Centrally Air Conditioned', 'Water purifier'...
1471    ['Centrally Air Conditioned', 'Water purifier'...
1575    ['Security / Fire Alarm', 'Power Back-up', 'Li...
1744    ['Private Garden / Terrace', 'High Ceiling Hei...
2180    ['Centrally Air Conditioned', 'Water purifier'...
2508    ['Water purifier', 'Centrally Air Conditioned'...
2579    ['Power Back-up', 'Intercom Facility', 'Lift(s...
2605    ['Centrally Air Conditioned', 'Water purifier'...
2659    ['Feng Shui / Vaastu Compliant', 'Security / F...
2716    ['Private Garden / Terrace', 'Maintenance Staf...
2738    ['Private Garden / Terrace', 'Swimming Pool', ...
2838                                                  NaN
2862                 ['Water Storage', 'Visitor Parking']
2892    ['Centrally Air Conditioned', 'Water purifier'...
2974    ['Power Back-up', 'Intercom Facility', 'Lift(s...
3038    ['Feng Shui / Vaastu Compliant', 'Security / F...
3086    ['Private Garden / Terrace', 'Water Storage', ...
3105    ['Centrally Air Conditioned', 'Water purifier'...
3126    ['Security / Fire Alarm', 'Power Back-up', 'In...
3252    ['Security / Fire Alarm', 'Intercom Facility',...
3277    ['Lift(s)', 'Park', 'Recently Renovated', 'Sec...
3299    ['Centrally Air Conditioned', 'Water purifier'...
3388    ['Security / Fire Alarm', 'Feng Shui / Vaastu ...
3410    ['Lift(s)', 'High Ceiling Height', 'False Ceil...
3414    ['Intercom Facility', 'Lift(s)', 'Maintenance ...
3425    ['Security / Fire Alarm', 'Intercom Facility',...
3466    ['Security / Fire Alarm', 'Feng Shui / Vaastu ...
3533    ['Feng Shui / Vaastu Compliant', 'Intercom Fac...
3535    ['Swimming Pool', 'Separate entry for servant ...
3536    ['Feng Shui / Vaastu Compliant', 'Security / F...
3550    ['Security / Fire Alarm', 'Power Back-up', 'Fe...
Name: features, dtype: object"
sector 45,"73      ['Security / Fire Alarm', 'Feng Shui / Vaastu ...
242     ['Intercom Facility', 'Lift(s)', 'High Ceiling...
715     ['Centrally Air Conditioned', 'Water purifier'...
806     ['Security / Fire Alarm', 'Power Back-up', 'Fe...
940                                     ['Water Storage']
1669    ['Lift(s)', 'Maintenance Staff', 'Recently Ren...
3094    ['Maintenance Staff', 'Water Storage', 'Visito...
3381    ['Feng Shui / Vaastu Compliant', 'Intercom Fac...
Name: features, dtype: object"
sector 46,"55                                                    NaN
867        ['Maintenance Staff', 'Swimming Pool', 'Park']
880          ['Water Storage', 'Park', 'Visitor Parking']
884                                                   NaN
1677    ['Private Garden / Terrace', 'Swimming Pool', ...
1732    ['Feng Shui / Vaastu Compliant', 'High Ceiling...
2247    ['Lift(s)', 'Feng Shui / Vaastu Compliant', 'P...
2502    ['Intercom Facility', 'Lift(s)', 'Swimming Poo...
2639    ['Security / Fire Alarm', 'Feng Shui / Vaastu ...
3527    ['Maintenance Staff', 'Water Storage', 'Visito...
Name: features, dtype: object"
sector 47,"192     ['Security / Fire Alarm', 'Feng Shui / Vaastu ...
216     ['Intercom Facility', 'Lift(s)', 'Swimming Poo...
485     ['Security / Fire Alarm', 'Intercom Facility',...
801                        ['Lift(s)', 'Visitor Parking']
1206    ['Security / Fire Alarm', 'Feng Shui / Vaastu ...
1248    ['Feng Shui / Vaastu Compliant', 'Private Gard...
1253                                                  NaN
1282                                                  NaN
1397    ['Intercom Facility', 'Lift(s)', 'Maintenance ...
1600    ['Feng Shui / Vaastu Compliant', 'Security / F...
1707    ['Centrally Air Conditioned', 'Water purifier'...
1974    ['Security / Fire Alarm', 'Power Back-up', 'Fe...
2167    ['Security / Fire Alarm', 'Feng Shui / Vaastu ...
2696    ['Feng Shui / Vaastu Compliant', 'Security / F...
2872    ['Power Back-up', 'Lift(s)', 'Maintenance Staf...
3070                                                  NaN
Name: features, dtype: object"
sector 48,"12      ['Private Garden / Terrace', 'Maintenance Staf...
211     ['Lift(s)', 'Park', 'Visitor Parking', 'Natura...
234     ['Water purifier', 'Security / Fire Alarm', 'P...
386     ['Security / Fire Alarm', 'Power Back-up', 'Fe...
443                                                   NaN
764     ['Feng Shui / Vaastu Compliant', 'High Ceiling...
807     ['Feng Shui / Vaastu Compliant', 'Private Gard...
970     ['Feng Shui / Vaastu Compliant', 'Maintenance ...
1021    ['Feng Shui / Vaastu Compliant', 'Security / F...
1144    ['Feng Shui / Vaastu Compliant', 'Lift(s)', 'P...
1161    ['Centrally Air Conditioned', 'Water purifier'...
1218    ['Security / Fire Alarm', 'Power Back-up', 'Fe...
1331    ['Feng Shui / Vaastu Compliant', 'High Ceiling...
1394                                                  NaN
1441    ['Centrally Air Conditioned', 'Water purifier'...
1470    ['Centrally Air Conditioned', 'Water purifier'...
1498             ['Intercom Facility', 'Lift(s)', 'Park']
1523    ['Power Back-up', 'Lift(s)', 'Maintenance Staf...
1529                                                  NaN
1762    ['Feng Shui / Vaastu Compliant', 'Security / F...
1767    ['Security / Fire Alarm', 'Intercom Facility',...
1842    ['Feng Shui / Vaastu Compliant', 'Security / F...
1859                         ['Private Garden / Terrace']
1918    ['Feng Shui / Vaastu Compliant', 'Piped-gas', ...
1982    ['Security / Fire Alarm', 'Intercom Facility',...
1984    ['Centrally Air Conditioned', 'Water purifier'...
2121    ['Security / Fire Alarm', 'Feng Shui / Vaastu ...
2129             ['Intercom Facility', 'Lift(s)', 'Park']
2183                                                  NaN
2366    ['Intercom Facility', 'Lift(s)', 'Swimming Poo...
2484    ['Security / Fire Alarm', 'Power Back-up', 'Pr...
2512    ['Security / Fire Alarm', 'Intercom Facility',...
2552    ['Security / Fire Alarm', 'Feng Shui / Vaastu ...
2555    ['Security / Fire Alarm', 'Intercom Facility',...
2609    ['Centrally Air Conditioned', 'Water purifier'...
2721    ['Power Back-up', 'Intercom Facility', 'Lift(s...
2725    ['Centrally Air Conditioned', 'Water purifier'...
2782    ['Water purifier', 'Security / Fire Alarm', 'P...
2833    ['Security / Fire Alarm', 'Private Garden / Te...
2836                                                  NaN
2845    ['Centrally Air Conditioned', 'Water purifier'...
2911    ['Intercom Facility', 'Lift(s)', 'Swimming Poo...
2926    ['Water purifier', 'Security / Fire Alarm', 'F...
2931    ['Centrally Air Conditioned', 'Water purifier'...
2963    ['Security / Fire Alarm', 'Intercom Facility',...
2969    ['Intercom Facility', 'Lift(s)', 'Maintenance ...
2982                                                  NaN
3012    ['Security / Fire Alarm', 'Feng Shui / Vaastu ...
3030    ['Lift(s)', 'Maintenance Staff', 'Park', 'Visi...
3202    ['Feng Shui / Vaastu Compliant', 'Security / F...
3248    ['Power Back-up', 'Intercom Facility', 'Lift(s...
3275                                                  NaN
3286    ['Security / Fire Alarm', 'Power Back-up', 'Fe...
3442    ['Feng Shui / Vaastu Compliant', 'Private Gard...
3543    ['Security / Fire Alarm', 'Intercom Facility',...
Name: features, dtype: object"
sector 49,"25      ['Power Back-up', 'Intercom Facility', 'Lift(s...
214     ['Feng Shui / Vaastu Compliant', 'Security / F...
249     ['Feng Shui / Vaastu Compliant', 'Intercom Fac...
252     ['Feng Shui / Vaastu Compliant', 'Private Gard...
274     ['Security / Fire Alarm', 'Feng Shui / Vaastu ...
372     ['Feng Shui / Vaastu Compliant', 'Security / F...
620     ['Security / Fire Alarm', 'Feng Shui / Vaastu ...
710     ['Intercom Facility', 'Lift(s)', 'Park', 'Visi...
755     ['Feng Shui / Vaastu Compliant', 'Intercom Fac...
762     ['Feng Shui / Vaastu Compliant', 'Security / F...
854     ['Security / Fire Alarm', 'Power Back-up', 'Fe...
895     ['Centrally Air Conditioned', 'Water purifier'...
956     ['Feng Shui / Vaastu Compliant', 'False Ceilin...
1295            ['Swimming Pool', 'Fitness Centre / GYM']
1437                                                  NaN
1497    ['Power Back-up', 'Feng Shui / Vaastu Complian...
1555    ['Power Back-up', 'Intercom Facility', 'Lift(s...
1614    ['Feng Shui / Vaastu Compliant', 'Private Gard...
1634    ['Security / Fire Alarm', 'Power Back-up', 'Fe...
1708    ['Security / Fire Alarm', 'Lift(s)', 'Maintena...
1745    ['Security / Fire Alarm', 'Feng Shui / Vaastu ...
1843    ['Security / Fire Alarm', 'Power Back-up', 'Fe...
1892    ['Feng Shui / Vaastu Compliant', 'High Ceiling...
2008    ['Feng Shui / Vaastu Compliant', 'Security / F...
2207    ['Water purifier', 'Security / Fire Alarm', 'P...
2534    ['Security / Fire Alarm', 'Intercom Facility',...
2645    ['Private Garden / Terrace', 'Park', 'Visitor ...
2693    ['Security / Fire Alarm', 'Feng Shui / Vaastu ...
2795    ['Security / Fire Alarm', 'Lift(s)', 'Maintena...
2803    ['Security / Fire Alarm', 'Intercom Facility',...
2883    ['Feng Shui / Vaastu Compliant', 'Private Gard...
2956    ['Maintenance Staff', 'Water Storage', 'Visito...
2999    ['Water purifier', 'Security / Fire Alarm', 'P...
3014    ['Intercom Facility', 'Lift(s)', 'Maintenance ...
3035    ['Security / Fire Alarm', 'Intercom Facility',...
3054    ['Feng Shui / Vaastu Compliant', 'Centrally Ai...
3085    ['Security / Fire Alarm', 'Lift(s)', 'Maintena...
3096    ['Security / Fire Alarm', 'Feng Shui / Vaastu ...
3214    ['Security / Fire Alarm', 'Lift(s)', 'Maintena...
3253    ['Security / Fire Alarm', 'Feng Shui / Vaastu ...
3344    ['Intercom Facility', 'Lift(s)', 'Maintenance ...
3350    ['Lift(s)', 'Swimming Pool', 'Park', 'Visitor ...
3424    ['Feng Shui / Vaastu Compliant', 'Private Gard...
3461    ['Private Garden / Terrace', 'High Ceiling Hei...
3539    ['High Ceiling Height', 'False Ceiling Lightin...
Name: features, dtype: object"
sector 5,"441     ['Security / Fire Alarm', 'Feng Shui / Vaastu ...
1694    ['Water purifier', 'Centrally Air Conditioned'...
2285    ['Security / Fire Alarm', 'Private Garden / Te...
2819    ['Security / Fire Alarm', 'Feng Shui / Vaastu ...
3101                                    ['Water Storage']
3432                                ['Maintenance Staff']
Name: features, dtype: object"
sector 50,"14      ['Power Back-up', 'Private Garden / Terrace', ...
16      ['Feng Shui / Vaastu Compliant', 'Security / F...
41                                                    NaN
97                         ['Piped-gas', 'Natural Light']
111                                                   NaN
                              ...                        
3117                                                  NaN
3169    ['Power Back-up', 'Feng Shui / Vaastu Complian...
3179    ['Maintenance Staff', 'Water Storage', 'Visito...
3318    ['Centrally Air Conditioned', 'Water purifier'...
3422    ['Feng Shui / Vaastu Compliant', 'Security / F...
Name: features, Length: 61, dtype: object"
sector 51,"13                                                    NaN
52                                                    NaN
390                                                   NaN
1352    ['Centrally Air Conditioned', 'Water purifier'...
1465    ['Security / Fire Alarm', 'Power Back-up', 'Pr...
2194    ['Security / Fire Alarm', 'Feng Shui / Vaastu ...
2342                                  ['Lift(s)', 'Park']
Name: features, dtype: object"
sector 52,"261     ['Feng Shui / Vaastu Compliant', 'Private Gard...
576     ['Power Back-up', 'Feng Shui / Vaastu Complian...
626     ['Private Garden / Terrace', 'Water purifier',...
1099    ['Water purifier', 'Security / Fire Alarm', 'F...
1442                                                  NaN
1920    ['Lift(s)', 'Centrally Air Conditioned', 'Main...
1954    ['Security / Fire Alarm', 'Lift(s)', 'Maintena...
2009                                                  NaN
2355                                                  NaN
2363    ['Centrally Air Conditioned', 'Water purifier'...
2841                                                  NaN
2964    ['Feng Shui / Vaastu Compliant', 'Intercom Fac...
3225    ['Intercom Facility', 'Lift(s)', 'Swimming Poo...
3378    ['Feng Shui / Vaastu Compliant', 'Security / F...
Name: features, dtype: object"
sector 53,"283     ['Centrally Air Conditioned', 'Water purifier'...
380     ['Security / Fire Alarm', 'Feng Shui / Vaastu ...
718     ['Centrally Air Conditioned', 'Water purifier'...
773     ['Private Garden / Terrace', 'Water Storage', ...
1008    ['Intercom Facility', 'Lift(s)', 'Swimming Poo...
1636    ['Security / Fire Alarm', 'Feng Shui / Vaastu ...
1702    ['Security / Fire Alarm', 'Power Back-up', 'Fe...
1823    ['Security / Fire Alarm', 'Power Back-up', 'Fe...
1934    ['Security / Fire Alarm', 'Lift(s)', 'Maintena...
2030                                                  NaN
2483                                                  NaN
2709    ['Feng Shui / Vaastu Compliant', 'Security / F...
3053    ['Feng Shui / Vaastu Compliant', 'Private Gard...
3548    ['Feng Shui / Vaastu Compliant', 'Security / F...
Name: features, dtype: object"
sector 54,"6       ['Power Back-up', 'Intercom Facility', 'Lift(s...
144     ['Feng Shui / Vaastu Compliant', 'Security / F...
296     ['Feng Shui / Vaastu Compliant', 'Security / F...
336                                                   NaN
345     ['Security / Fire Alarm', 'Feng Shui / Vaastu ...
745     ['Feng Shui / Vaastu Compliant', 'Maintenance ...
931     ['Power Back-up', 'Maintenance Staff', 'Water ...
954     ['Security / Fire Alarm', 'Power Back-up', 'Li...
963     ['Centrally Air Conditioned', 'Water purifier'...
1159    ['Feng Shui / Vaastu Compliant', 'Security / F...
1211                                                  NaN
1725    ['Feng Shui / Vaastu Compliant', 'Intercom Fac...
1749    ['Feng Shui / Vaastu Compliant', 'Private Gard...
1863    ['Water purifier', 'Security / Fire Alarm', 'F...
1935                                    ['Water Storage']
1988    ['Feng Shui / Vaastu Compliant', 'Security / F...
1990    ['Feng Shui / Vaastu Compliant', 'Private Gard...
2110    ['Power Back-up', 'Lift(s)', 'High Ceiling Hei...
2141    ['Security / Fire Alarm', 'Intercom Facility',...
2695    ['Lift(s)', 'High Ceiling Height', 'Maintenanc...
2813    ['Power Back-up', 'Feng Shui / Vaastu Complian...
2878    ['Intercom Facility', 'Lift(s)', 'Maintenance ...
3010    ['Centrally Air Conditioned', 'Water purifier'...
3236    ['Security / Fire Alarm', 'Intercom Facility',...
3485    ['Feng Shui / Vaastu Compliant', 'Security / F...
3513    ['Private Garden / Terrace', 'Maintenance Staf...
Name: features, dtype: object"
sector 55,"3       ['Feng Shui / Vaastu Compliant', 'Private Gard...
158     ['Security / Fire Alarm', 'Feng Shui / Vaastu ...
232     ['Feng Shui / Vaastu Compliant', 'Security / F...
559     ['Security / Fire Alarm', 'Intercom Facility',...
1096    ['Power Back-up', 'Intercom Facility', 'Lift(s...
1374                                                  NaN
2074    ['Feng Shui / Vaastu Compliant', 'Security / F...
2123    ['Feng Shui / Vaastu Compliant', 'Security / F...
2772                                          ['Lift(s)']
2986                                                  NaN
Name: features, dtype: object"
sector 56,"42      ['Security / Fire Alarm', 'Lift(s)', 'Maintena...
173     ['Feng Shui / Vaastu Compliant', 'Security / F...
312     ['Power Back-up', 'Intercom Facility', 'Lift(s...
445     ['Feng Shui / Vaastu Compliant', 'Security / F...
499     ['Centrally Air Conditioned', 'Water purifier'...
586     ['Security / Fire Alarm', 'Power Back-up', 'In...
600     ['Feng Shui / Vaastu Compliant', 'Security / F...
628     ['Feng Shui / Vaastu Compliant', 'Park', 'Visi...
682                                                   NaN
712                                                   NaN
818     ['Security / Fire Alarm', 'Intercom Facility',...
862     ['Centrally Air Conditioned', 'Water purifier'...
921     ['Security / Fire Alarm', 'Feng Shui / Vaastu ...
985     ['Intercom Facility', 'Lift(s)', 'Maintenance ...
1010                                                  NaN
1046    ['Feng Shui / Vaastu Compliant', 'Security / F...
1089    ['Security / Fire Alarm', 'Power Back-up', 'Fe...
1113    ['Feng Shui / Vaastu Compliant', 'Security / F...
1261    ['Security / Fire Alarm', 'Feng Shui / Vaastu ...
1418    ['Power Back-up', 'Feng Shui / Vaastu Complian...
1455    ['Feng Shui / Vaastu Compliant', 'Security / F...
1521    ['Security / Fire Alarm', 'Feng Shui / Vaastu ...
1579                ['Visitor Parking', 'Waste Disposal']
1594                                                  NaN
1648                                                  NaN
1665                                                  NaN
1731    ['Security / Fire Alarm', 'Feng Shui / Vaastu ...
1737             ['Intercom Facility', 'Lift(s)', 'Park']
1775    ['Centrally Air Conditioned', 'Water purifier'...
1787                                                  NaN
1813    ['Security / Fire Alarm', 'Feng Shui / Vaastu ...
2032    ['Centrally Air Conditioned', 'Water purifier'...
2149    ['Security / Fire Alarm', 'Feng Shui / Vaastu ...
2343    ['Security / Fire Alarm', 'Intercom Facility',...
2370    ['Feng Shui / Vaastu Compliant', 'Maintenance ...
2376                                                  NaN
2541                                                  NaN
2598    ['Private Garden / Terrace', 'High Ceiling Hei...
2692                                                  NaN
2848             ['Lift(s)', 'Maintenance Staff', 'Park']
2888    ['Centrally Air Conditioned', 'Water purifier'...
2891    ['Feng Shui / Vaastu Compliant', 'Security / F...
2910                                                  NaN
2990    ['Feng Shui / Vaastu Compliant', 'Private Gard...
3043    ['Lift(s)', 'Park', 'Maintenance Staff', 'Visi...
3108    ['Security / Fire Alarm', 'Intercom Facility',...
3140    ['Lift(s)', 'Maintenance Staff', 'Water Storag...
3188    ['Security / Fire Alarm', 'Intercom Facility',...
3197                         ['Private Garden / Terrace']
3262    ['Security / Fire Alarm', 'Lift(s)', 'Maintena...
3270    ['Power Back-up', 'Feng Shui / Vaastu Complian...
3448    ['Feng Shui / Vaastu Compliant', 'Security / F...
3468    ['Feng Shui / Vaastu Compliant', 'Security / F...
Name: features, dtype: object"
sector 57,"93      ['Feng Shui / Vaastu Compliant', 'Private Gard...
240     ['Feng Shui / Vaastu Compliant', 'Security / F...
459     ['Security / Fire Alarm', 'Power Back-up', 'Li...
583                                                   NaN
802     ['Feng Shui / Vaastu Compliant', 'Private Gard...
918                                                   NaN
1025    ['Intercom Facility', 'Lift(s)', 'Swimming Poo...
1053    ['Feng Shui / Vaastu Compliant', 'Private Gard...
1092    ['Security / Fire Alarm', 'Private Garden / Te...
1118    ['Centrally Air Conditioned', 'Water purifier'...
1506    ['Security / Fire Alarm', 'Intercom Facility',...
1596    ['Security / Fire Alarm', 'Private Garden / Te...
1704    ['Private Garden / Terrace', 'Park', 'Waste Di...
1729    ['Centrally Air Conditioned', 'Water purifier'...
1802    ['Security / Fire Alarm', 'Power Back-up', 'Fe...
1852                                                  NaN
1978                                                  NaN
2023    ['Centrally Air Conditioned', 'Water purifier'...
2273    ['Feng Shui / Vaastu Compliant', 'Intercom Fac...
2711    ['Centrally Air Conditioned', 'Water purifier'...
2723                                                  NaN
2766               ['Lift(s)', 'Park', 'Shopping Centre']
3189                 ['Lift(s)', 'Swimming Pool', 'Park']
Name: features, dtype: object"
sector 58,"205                                                   NaN
541     ['Security / Fire Alarm', 'Private Garden / Te...
1377    ['Lift(s)', 'High Ceiling Height', 'Maintenanc...
2820                                                  NaN
2884    ['Power Back-up', 'Lift(s)', 'Swimming Pool', ...
3396    ['Security / Fire Alarm', 'Feng Shui / Vaastu ...
Name: features, dtype: object"
sector 59,"835     ['Security / Fire Alarm', 'Feng Shui / Vaastu ...
1656    ['Feng Shui / Vaastu Compliant', 'Security / F...
1746    ['Security / Fire Alarm', 'Intercom Facility',...
2601    ['Security / Fire Alarm', 'Intercom Facility',...
2874    ['Centrally Air Conditioned', 'Water purifier'...
2920                                                  NaN
3167    ['Intercom Facility', 'Lift(s)', 'Swimming Poo...
3487    ['Security / Fire Alarm', 'Lift(s)', 'Maintena...
Name: features, dtype: object"
sector 6,"114                                                   NaN
838     ['Centrally Air Conditioned', 'Water purifier'...
1165    ['Centrally Air Conditioned', 'Water purifier'...
1185    ['Security / Fire Alarm', 'Intercom Facility',...
1539    ['Private Garden / Terrace', 'High Ceiling Hei...
1655    ['Centrally Air Conditioned', 'Water purifier'...
2236    ['Security / Fire Alarm', 'Private Garden / Te...
2401                                                  NaN
2519    ['Power Back-up', 'Intercom Facility', 'Lift(s...
2996    ['Feng Shui / Vaastu Compliant', 'Private Gard...
3434    ['Lift(s)', 'Maintenance Staff', 'Water Storag...
Name: features, dtype: object"
sector 60,"501     ['Security / Fire Alarm', 'Feng Shui / Vaastu ...
512     ['Security / Fire Alarm', 'Power Back-up', 'Fe...
558     ['Centrally Air Conditioned', 'Water purifier'...
642                                                   NaN
1260    ['Private Garden / Terrace', 'Maintenance Staf...
1344    ['Centrally Air Conditioned', 'Water purifier'...
1355    ['High Ceiling Height', 'Maintenance Staff', '...
1474    ['Centrally Air Conditioned', 'Water purifier'...
1786    ['Feng Shui / Vaastu Compliant', 'Private Gard...
1928                                                  NaN
2206    ['Centrally Air Conditioned', 'Water purifier'...
2458    ['Private Garden / Terrace', 'High Ceiling Hei...
2983    ['Centrally Air Conditioned', 'Water purifier'...
3239    ['Feng Shui / Vaastu Compliant', 'Maintenance ...
3332                                                  NaN
Name: features, dtype: object"
sector 61,"84      ['Security / Fire Alarm', 'Feng Shui / Vaastu ...
197     ['Security / Fire Alarm', 'Power Back-up', 'Fe...
204     ['Feng Shui / Vaastu Compliant', 'Security / F...
260     ['Security / Fire Alarm', 'Feng Shui / Vaastu ...
343     ['Security / Fire Alarm', 'Feng Shui / Vaastu ...
651     ['Centrally Air Conditioned', 'Water purifier'...
664     ['Security / Fire Alarm', 'Power Back-up', 'Fe...
671     ['Centrally Air Conditioned', 'Water purifier'...
742     ['Security / Fire Alarm', 'Feng Shui / Vaastu ...
746     ['Centrally Air Conditioned', 'Water purifier'...
747     ['Feng Shui / Vaastu Compliant', 'Intercom Fac...
837     ['Power Back-up', 'Security / Fire Alarm', 'In...
894     ['Centrally Air Conditioned', 'Water purifier'...
1012                                    ['Water Storage']
1136    ['Security / Fire Alarm', 'Feng Shui / Vaastu ...
1308    ['Feng Shui / Vaastu Compliant', 'Security / F...
1338    ['Water purifier', 'Centrally Air Conditioned'...
1392                                                  NaN
1438    ['Security / Fire Alarm', 'Power Back-up', 'Fe...
1461    ['Power Back-up', 'Intercom Facility', 'Lift(s...
1711    ['Centrally Air Conditioned', 'Water purifier'...
1853    ['Security / Fire Alarm', 'Power Back-up', 'Fe...
1887    ['Maintenance Staff', 'Water Storage', 'Visito...
2145    ['Power Back-up', 'Intercom Facility', 'Lift(s...
2196    ['Security / Fire Alarm', 'Feng Shui / Vaastu ...
2448                                                  NaN
2456    ['Security / Fire Alarm', 'Intercom Facility',...
2506                                                  NaN
2527    ['Centrally Air Conditioned', 'Water purifier'...
2576    ['Security / Fire Alarm', 'Feng Shui / Vaastu ...
2689                                                  NaN
2729    ['Feng Shui / Vaastu Compliant', 'Security / F...
2852    ['Security / Fire Alarm', 'Feng Shui / Vaastu ...
2894    ['Power Back-up', 'Lift(s)', 'Park', 'Piped-gas']
2899    ['Feng Shui / Vaastu Compliant', 'Security / F...
2949    ['Centrally Air Conditioned', 'Water purifier'...
2992                                                  NaN
3048                                                  NaN
3209    ['Lift(s)', 'High Ceiling Height', 'Maintenanc...
3263                                                  NaN
3326    ['Intercom Facility', 'Lift(s)', 'Swimming Poo...
Name: features, dtype: object"
sector 62,"51      ['Feng Shui / Vaastu Compliant', 'Security / F...
518     ['Lift(s)', 'Swimming Pool', 'Park', 'Fitness ...
1121    ['Security / Fire Alarm', 'Feng Shui / Vaastu ...
1246    ['Feng Shui / Vaastu Compliant', 'Security / F...
1324    ['Power Back-up', 'Feng Shui / Vaastu Complian...
1796                                                  NaN
1824    ['Security / Fire Alarm', 'Feng Shui / Vaastu ...
2018    ['Feng Shui / Vaastu Compliant', 'Security / F...
2053    ['Intercom Facility', 'Lift(s)', 'High Ceiling...
2095    ['Feng Shui / Vaastu Compliant', 'Security / F...
2177    ['Power Back-up', 'Feng Shui / Vaastu Complian...
2546                                                  NaN
2622                                                  NaN
2672    ['Intercom Facility', 'Lift(s)', 'Maintenance ...
3365                         ['Private Garden / Terrace']
3428    ['Lift(s)', 'Swimming Pool', 'Park', 'Fitness ...
Name: features, dtype: object"
sector 63,"102     ['Water purifier', 'Power Back-up', 'Feng Shui...
305     ['Security / Fire Alarm', 'Feng Shui / Vaastu ...
365     ['Feng Shui / Vaastu Compliant', 'Intercom Fac...
656     ['Centrally Air Conditioned', 'Water purifier'...
693     ['Security / Fire Alarm', 'Feng Shui / Vaastu ...
752     ['Security / Fire Alarm', 'Feng Shui / Vaastu ...
983     ['Intercom Facility', 'Lift(s)', 'Maintenance ...
1083          ['Water Storage', 'Park', 'Waste Disposal']
1230    ['Security / Fire Alarm', 'Power Back-up', 'Fe...
1779    ['Security / Fire Alarm', 'Lift(s)', 'Maintena...
1942    ['Security / Fire Alarm', 'Feng Shui / Vaastu ...
2038                                                  NaN
2374    ['Feng Shui / Vaastu Compliant', 'Security / F...
2529    ['Feng Shui / Vaastu Compliant', 'Intercom Fac...
Name: features, dtype: object"
sector 63a,"17                                          ['Piped-gas']
187     ['Lift(s)', 'Maintenance Staff', 'Separate ent...
194     ['Feng Shui / Vaastu Compliant', 'Private Gard...
340                                                   NaN
688     ['Security / Fire Alarm', 'Power Back-up', 'Fe...
858     ['Centrally Air Conditioned', 'Water purifier'...
1100                                                  NaN
1402                                                  NaN
1577    ['Power Back-up', 'Intercom Facility', 'Lift(s...
2320    ['Security / Fire Alarm', 'Feng Shui / Vaastu ...
2350                                                  NaN
2938    ['Lift(s)', 'Maintenance Staff', 'Swimming Poo...
3134                     ['Park', 'Fitness Centre / GYM']
3168    ['Feng Shui / Vaastu Compliant', 'Security / F...
3293    ['Feng Shui / Vaastu Compliant', 'Intercom Fac...
Name: features, dtype: object"
sector 65,"7       ['Intercom Facility', 'Lift(s)', 'Maintenance ...
29      ['Feng Shui / Vaastu Compliant', 'Security / F...
83      ['Feng Shui / Vaastu Compliant', 'Private Gard...
87      ['Security / Fire Alarm', 'Feng Shui / Vaastu ...
129     ['Centrally Air Conditioned', 'Water purifier'...
                              ...                        
3348    ['Security / Fire Alarm', 'Intercom Facility',...
3351    ['Security / Fire Alarm', 'Power Back-up', 'Fe...
3492    ['Feng Shui / Vaastu Compliant', 'Security / F...
3522                                                  NaN
3554    ['Security / Fire Alarm', 'Feng Shui / Vaastu ...
Name: features, Length: 87, dtype: object"
sector 66,"26      ['Centrally Air Conditioned', 'Water purifier'...
36                                     ['Waste Disposal']
56                            ['Park', 'Visitor Parking']
115     ['Security / Fire Alarm', 'Feng Shui / Vaastu ...
151     ['Security / Fire Alarm', 'Power Back-up', 'In...
251     ['High Ceiling Height', 'False Ceiling Lightin...
273     ['Feng Shui / Vaastu Compliant', 'Private Gard...
353     ['Intercom Facility', 'Lift(s)', 'Water Storage']
406     ['Feng Shui / Vaastu Compliant', 'Security / F...
502     ['Centrally Air Conditioned', 'Water purifier'...
525     ['Security / Fire Alarm', 'Feng Shui / Vaastu ...
616     ['Security / Fire Alarm', 'Power Back-up', 'Fe...
833                                                   NaN
912     ['Security / Fire Alarm', 'Feng Shui / Vaastu ...
1101    ['Security / Fire Alarm', 'Feng Shui / Vaastu ...
1204    ['Security / Fire Alarm', 'Feng Shui / Vaastu ...
1217    ['Security / Fire Alarm', 'Feng Shui / Vaastu ...
1357    ['Security / Fire Alarm', 'Feng Shui / Vaastu ...
1401             ['Intercom Facility', 'Lift(s)', 'Park']
1407    ['Feng Shui / Vaastu Compliant', 'Security / F...
1631                                                  NaN
1675    ['Security / Fire Alarm', 'Intercom Facility',...
1733    ['Feng Shui / Vaastu Compliant', 'Security / F...
2016                                    ['Water Storage']
2065    ['Feng Shui / Vaastu Compliant', 'Security / F...
2476    ['Lift(s)', 'Park', 'Piped-gas', 'Security Per...
2661    ['Feng Shui / Vaastu Compliant', 'Private Gard...
2779    ['Centrally Air Conditioned', 'Water purifier'...
2861                                                  NaN
2930    ['Feng Shui / Vaastu Compliant', 'Centrally Ai...
2998    ['Power Back-up', 'Intercom Facility', 'Lift(s...
3007    ['Security / Fire Alarm', 'Private Garden / Te...
3017    ['Security / Fire Alarm', 'Feng Shui / Vaastu ...
3019    ['Feng Shui / Vaastu Compliant', 'Security / F...
3058    ['Security / Fire Alarm', 'Lift(s)', 'Maintena...
3107    ['Security / Fire Alarm', 'Feng Shui / Vaastu ...
3118                                                  NaN
3204                                                  NaN
3458    ['Lift(s)', 'Swimming Pool', 'Fitness Centre /...
3500    ['Feng Shui / Vaastu Compliant', 'Security / F...
3540                                  ['Visitor Parking']
Name: features, dtype: object"
sector 67,"104     ['Feng Shui / Vaastu Compliant', 'Security / F...
182     ['Centrally Air Conditioned', 'Water purifier'...
281     ['Power Back-up', 'Intercom Facility', 'Lift(s...
300     ['Feng Shui / Vaastu Compliant', 'Security / F...
368                                              ['Park']
383                                                   NaN
442     ['Security / Fire Alarm', 'Feng Shui / Vaastu ...
561     ['Intercom Facility', 'Lift(s)', 'High Ceiling...
724     ['Security / Fire Alarm', 'Feng Shui / Vaastu ...
772                                                   NaN
820     ['Maintenance Staff', 'Water Storage', 'Separa...
875     ['Security / Fire Alarm', 'Feng Shui / Vaastu ...
1080    ['Security / Fire Alarm', 'Feng Shui / Vaastu ...
1115    ['Security / Fire Alarm', 'Feng Shui / Vaastu ...
1133                                                  NaN
1153    ['Security / Fire Alarm', 'Intercom Facility',...
1227    ['Security / Fire Alarm', 'Feng Shui / Vaastu ...
1272    ['Feng Shui / Vaastu Compliant', 'Security / F...
1406    ['Feng Shui / Vaastu Compliant', 'Security / F...
1429    ['Maintenance Staff', 'Water Storage', 'Park',...
1435                                                  NaN
1446    ['Feng Shui / Vaastu Compliant', 'Security / F...
1551    ['Feng Shui / Vaastu Compliant', 'Security / F...
1562    ['Feng Shui / Vaastu Compliant', 'Maintenance ...
1585    ['Intercom Facility', 'Lift(s)', 'Park', 'Shop...
1591    ['Security / Fire Alarm', 'Feng Shui / Vaastu ...
1643    ['Security / Fire Alarm', 'Feng Shui / Vaastu ...
1766                                                  NaN
1831                                                  NaN
1883    ['Feng Shui / Vaastu Compliant', 'Security / F...
1992    ['Feng Shui / Vaastu Compliant', 'Security / F...
2067    ['Feng Shui / Vaastu Compliant', 'Intercom Fac...
2120                                                  NaN
2200    ['Security / Fire Alarm', 'Feng Shui / Vaastu ...
2264    ['Security / Fire Alarm', 'Feng Shui / Vaastu ...
2282    ['Feng Shui / Vaastu Compliant', 'Maintenance ...
2487    ['Water purifier', 'Centrally Air Conditioned'...
2589    ['Centrally Air Conditioned', 'Water purifier'...
2591    ['Security / Fire Alarm', 'Feng Shui / Vaastu ...
2727    ['Lift(s)', 'Swimming Pool', 'Park', 'Shopping...
2897    ['No open drainage around', 'Visitor Parking',...
2959    ['Intercom Facility', 'Lift(s)', 'Maintenance ...
3068    ['Centrally Air Conditioned', 'Water purifier'...
3194    ['Bank Attached Property', 'Internet/wi-fi con...
3372    ['Intercom Facility', 'Lift(s)', 'Maintenance ...
3440    ['Security / Fire Alarm', 'Feng Shui / Vaastu ...
3498    ['Feng Shui / Vaastu Compliant', 'Security / F...
Name: features, dtype: object"
sector 67a,"63      ['Feng Shui / Vaastu Compliant', 'Security / F...
350     ['Security / Fire Alarm', 'Lift(s)', 'Maintena...
392     ['Feng Shui / Vaastu Compliant', 'Security / F...
666     ['Feng Shui / Vaastu Compliant', 'Security / F...
779     ['Feng Shui / Vaastu Compliant', 'Security / F...
945     ['Security / Fire Alarm', 'Feng Shui / Vaastu ...
1018    ['Security / Fire Alarm', 'Power Back-up', 'In...
1176    ['Security / Fire Alarm', 'Feng Shui / Vaastu ...
1290    ['Feng Shui / Vaastu Compliant', 'Park', 'Visi...
1345    ['Security / Fire Alarm', 'Feng Shui / Vaastu ...
1688    ['Intercom Facility', 'Lift(s)', 'Swimming Poo...
2108    ['Centrally Air Conditioned', 'Water purifier'...
2252    ['Security / Fire Alarm', 'Intercom Facility',...
2360    ['Security / Fire Alarm', 'Intercom Facility',...
2507    ['Power Back-up', 'Feng Shui / Vaastu Complian...
2521                                                  NaN
2800                                                  NaN
2979    ['Centrally Air Conditioned', 'Water purifier'...
3051    ['Intercom Facility', 'Lift(s)', 'Maintenance ...
3081    ['Feng Shui / Vaastu Compliant', 'Intercom Fac...
3447    ['Centrally Air Conditioned', 'Water purifier'...
Name: features, dtype: object"
sector 68,"20      ['Centrally Air Conditioned', 'Security / Fire...
267     ['Security / Fire Alarm', 'Power Back-up', 'Fe...
299     ['Power Back-up', 'Feng Shui / Vaastu Complian...
469     ['Security / Fire Alarm', 'Feng Shui / Vaastu ...
476     ['Feng Shui / Vaastu Compliant', 'Lift(s)', 'H...
709     ['Centrally Air Conditioned', 'Water purifier'...
817                                                   NaN
1140    ['Water purifier', 'Centrally Air Conditioned'...
1164    ['Centrally Air Conditioned', 'Security / Fire...
1266    ['Feng Shui / Vaastu Compliant', 'Security / F...
1360    ['Power Back-up', 'Feng Shui / Vaastu Complian...
1509    ['Power Back-up', 'Lift(s)', 'Swimming Pool', ...
1597                               ['Recently Renovated']
1604                                                  NaN
1637    ['Feng Shui / Vaastu Compliant', 'Security / F...
1638                                                  NaN
1668                                                  NaN
1719    ['Feng Shui / Vaastu Compliant', 'Security / F...
2193    ['Lift(s)', 'Park', 'Maintenance Staff', 'Visi...
2223    ['Feng Shui / Vaastu Compliant', 'Private Gard...
2278    ['Feng Shui / Vaastu Compliant', 'Security / F...
2871                                                  NaN
2885    ['Security / Fire Alarm', 'Power Back-up', 'Fe...
2900                                                  NaN
2954    ['Feng Shui / Vaastu Compliant', 'Private Gard...
3003    ['Security / Fire Alarm', 'Maintenance Staff',...
3060                                                  NaN
3229    ['Intercom Facility', 'Lift(s)', 'Swimming Poo...
3241    ['Feng Shui / Vaastu Compliant', 'Security / F...
3541    ['Centrally Air Conditioned', 'Water purifier'...
Name: features, dtype: object"
sector 69,"135     ['Feng Shui / Vaastu Compliant', 'Security / F...
231                                                   NaN
264     ['Feng Shui / Vaastu Compliant', 'Security / F...
268     ['Feng Shui / Vaastu Compliant', 'Security / F...
277     ['Power Back-up', 'Feng Shui / Vaastu Complian...
                              ...                        
3412    ['Security / Fire Alarm', 'Power Back-up', 'Pr...
3462    ['Security / Fire Alarm', 'Feng Shui / Vaastu ...
3477    ['Power Back-up', 'Feng Shui / Vaastu Complian...
3515    ['Feng Shui / Vaastu Compliant', 'Security / F...
3544    ['Intercom Facility', 'Lift(s)', 'High Ceiling...
Name: features, Length: 93, dtype: object"
sector 7,"179                             ['Water Storage', 'Park']
546     ['Water purifier', 'Security / Fire Alarm', 'P...
856             ['Swimming Pool', 'Fitness Centre / GYM']
949     ['Security / Fire Alarm', 'Feng Shui / Vaastu ...
958     ['Private Garden / Terrace', 'High Ceiling Hei...
1210    ['Centrally Air Conditioned', 'Water purifier'...
1234                                                  NaN
1241    ['Feng Shui / Vaastu Compliant', 'Security / F...
1318    ['Security / Fire Alarm', 'Feng Shui / Vaastu ...
1323    ['Centrally Air Conditioned', 'Water purifier'...
1413                                                  NaN
1491    ['Centrally Air Conditioned', 'Water purifier'...
1615    ['Intercom Facility', 'Lift(s)', 'Maintenance ...
1784    ['Power Back-up', 'Lift(s)', 'Maintenance Staf...
1822                                                  NaN
1872                                                  NaN
2092    ['Power Back-up', 'Intercom Facility', 'Lift(s...
2112    ['Power Back-up', 'Security / Fire Alarm', 'Li...
2190    ['Feng Shui / Vaastu Compliant', 'Security / F...
2209    ['Power Back-up', 'Intercom Facility', 'Lift(s...
2400    ['Feng Shui / Vaastu Compliant', 'Security / F...
2440    ['Security / Fire Alarm', 'Feng Shui / Vaastu ...
2482                                                  NaN
2565    ['Water purifier', 'Centrally Air Conditioned'...
2599                                                  NaN
2666    ['Security / Fire Alarm', 'Intercom Facility',...
2688    ['Security / Fire Alarm', 'Power Back-up', 'In...
2784    ['Power Back-up', 'Intercom Facility', 'Lift(s...
2980    ['Power Back-up', 'Intercom Facility', 'Lift(s...
3047             ['Lift(s)', 'Maintenance Staff', 'Park']
3141                                                  NaN
3148    ['Security / Fire Alarm', 'Power Back-up', 'Fe...
3153    ['Security / Fire Alarm', 'Power Back-up', 'Fe...
3243    ['Security / Fire Alarm', 'Power Back-up', 'Fe...
3254    ['Feng Shui / Vaastu Compliant', 'Security / F...
Name: features, dtype: object"
sector 70,"101     ['Private Garden / Terrace', 'Water Storage', ...
224     ['Maintenance Staff', 'False Ceiling Lighting'...
250     ['Power Back-up', 'Feng Shui / Vaastu Complian...
275     ['Centrally Air Conditioned', 'Water purifier'...
304     ['Feng Shui / Vaastu Compliant', 'Security / F...
325     ['Lift(s)', 'Park', 'Maintenance Staff', 'Visi...
334     ['Feng Shui / Vaastu Compliant', 'Lift(s)', 'H...
460     ['Security / Fire Alarm', 'Power Back-up', 'Fe...
713     ['Security / Fire Alarm', 'Feng Shui / Vaastu ...
744     ['Security / Fire Alarm', 'Maintenance Staff',...
902     ['Security / Fire Alarm', 'Feng Shui / Vaastu ...
1105    ['Security / Fire Alarm', 'Feng Shui / Vaastu ...
1139    ['Feng Shui / Vaastu Compliant', 'Security / F...
1182    ['High Ceiling Height', 'Maintenance Staff', '...
1219    ['Water purifier', 'Security / Fire Alarm', 'F...
1220    ['Power Back-up', 'Intercom Facility', 'Swimmi...
1285                                                  NaN
1363    ['Feng Shui / Vaastu Compliant', 'Private Gard...
1445    ['Power Back-up', 'Intercom Facility', 'Lift(s...
1484               ['Maintenance Staff', 'Water Storage']
1508    ['Feng Shui / Vaastu Compliant', 'Private Gard...
1598                                                  NaN
1649                                                  NaN
1673    ['Security / Fire Alarm', 'Power Back-up', 'Fe...
1678    ['Feng Shui / Vaastu Compliant', 'Security / F...
1682    ['Feng Shui / Vaastu Compliant', 'High Ceiling...
1720    ['Feng Shui / Vaastu Compliant', 'Water Storag...
1740                                                  NaN
1933    ['Security / Fire Alarm', 'Feng Shui / Vaastu ...
2035    ['Centrally Air Conditioned', 'Water purifier'...
2057                                                  NaN
2250    ['Security / Fire Alarm', 'Power Back-up', 'Fe...
2312                                                  NaN
2338    ['Feng Shui / Vaastu Compliant', 'Security / F...
2422    ['Feng Shui / Vaastu Compliant', 'Intercom Fac...
2459    ['Feng Shui / Vaastu Compliant', 'Security / F...
2494                                                  NaN
2505                                                  NaN
2621    ['Security / Fire Alarm', 'Power Back-up', 'Fe...
2658    ['Security / Fire Alarm', 'Power Back-up', 'Fe...
2662                                                  NaN
2667    ['Power Back-up', 'Lift(s)', 'Swimming Pool', ...
2728    ['Security / Fire Alarm', 'Feng Shui / Vaastu ...
2740    ['Power Back-up', 'Feng Shui / Vaastu Complian...
2895    ['Security / Fire Alarm', 'Power Back-up', 'Fe...
2935    ['Water purifier', 'Security / Fire Alarm', 'F...
2945    ['Feng Shui / Vaastu Compliant', 'Security / F...
3128    ['Power Back-up', 'Feng Shui / Vaastu Complian...
3172    ['Security / Fire Alarm', 'Intercom Facility',...
Name: features, dtype: object"
sector 70a,"0       ['Feng Shui / Vaastu Compliant', 'Security / F...
76                                                    NaN
91                              ['Water Storage', 'Park']
196                                                   NaN
226     ['Private Garden / Terrace', 'Water purifier',...
294     ['Security / Fire Alarm', 'Intercom Facility',...
408                                                   NaN
414     ['Security / Fire Alarm', 'Power Back-up', 'Fe...
513     ['Feng Shui / Vaastu Compliant', 'Security / F...
582     ['Centrally Air Conditioned', 'Security / Fire...
623     ['Feng Shui / Vaastu Compliant', 'High Ceiling...
700                                                   NaN
708     ['Feng Shui / Vaastu Compliant', 'Security / F...
824     ['Feng Shui / Vaastu Compliant', 'Intercom Fac...
872     ['Security / Fire Alarm', 'Lift(s)', 'Maintena...
968     ['Feng Shui / Vaastu Compliant', 'Security / F...
1007    ['Security / Fire Alarm', 'Intercom Facility',...
1127    ['Power Back-up', 'Intercom Facility', 'Lift(s...
1149    ['Security / Fire Alarm', 'Feng Shui / Vaastu ...
1202    ['Security / Fire Alarm', 'Power Back-up', 'Fe...
1244    ['Security / Fire Alarm', 'Lift(s)', 'Maintena...
1327    ['Centrally Air Conditioned', 'Security / Fire...
1347    ['Feng Shui / Vaastu Compliant', 'Security / F...
1479    ['Feng Shui / Vaastu Compliant', 'Intercom Fac...
1480                                                  NaN
1494    ['Security / Fire Alarm', 'Power Back-up', 'Fe...
1676    ['Feng Shui / Vaastu Compliant', 'High Ceiling...
1718    ['Feng Shui / Vaastu Compliant', 'Security / F...
1723    ['Feng Shui / Vaastu Compliant', 'Security / F...
1755    ['Feng Shui / Vaastu Compliant', 'Security / F...
1806                                                  NaN
1860    ['Feng Shui / Vaastu Compliant', 'Intercom Fac...
1880    ['Maintenance Staff', 'False Ceiling Lighting'...
2097    ['Centrally Air Conditioned', 'Water purifier'...
2136    ['Private Garden / Terrace', 'Lift(s)', 'Swimm...
2169    ['Security / Fire Alarm', 'Lift(s)', 'Water St...
2245    ['Security / Fire Alarm', 'Maintenance Staff',...
2283    ['Centrally Air Conditioned', 'Water purifier'...
2504                 ['Water Storage', 'Visitor Parking']
2542    ['Lift(s)', 'Swimming Pool', 'Park', 'Fitness ...
2633                                    ['Natural Light']
2776                                                  NaN
2843    ['Lift(s)', 'Swimming Pool', 'Park', 'Visitor ...
3001    ['Centrally Air Conditioned', 'Water purifier'...
3078    ['Security / Fire Alarm', 'Feng Shui / Vaastu ...
3124     ['Internet/wi-fi connectivity', 'Water Storage']
3171    ['Feng Shui / Vaastu Compliant', 'Intercom Fac...
3346                                                  NaN
3363    ['Water purifier', 'Centrally Air Conditioned'...
3443    ['Centrally Air Conditioned', 'Water purifier'...
3473    ['Security / Fire Alarm', 'Lift(s)', 'Maintena...
3510    ['Feng Shui / Vaastu Compliant', 'Security / F...
3523    ['Feng Shui / Vaastu Compliant', 'Private Gard...
3546                                                  NaN
Name: features, dtype: object"
sector 71,"75      ['Centrally Air Conditioned', 'Water purifier'...
106     ['Security / Fire Alarm', 'Feng Shui / Vaastu ...
149                                                   NaN
428     ['Intercom Facility', 'Lift(s)', 'High Ceiling...
853     ['Centrally Air Conditioned', 'Water purifier'...
1059    ['Intercom Facility', 'Lift(s)', 'Maintenance ...
1117    ['Security / Fire Alarm', 'Feng Shui / Vaastu ...
1624    ['Feng Shui / Vaastu Compliant', 'Private Gard...
1803                                                  NaN
1826    ['Water purifier', 'Centrally Air Conditioned'...
1993    ['Security / Fire Alarm', 'Intercom Facility',...
2138    ['Security / Fire Alarm', 'Feng Shui / Vaastu ...
2185                                    ['Water Storage']
2220    ['Lift(s)', 'Park', 'Fitness Centre / GYM', 'C...
2244    ['Security / Fire Alarm', 'Feng Shui / Vaastu ...
2438                                                  NaN
2450    ['Feng Shui / Vaastu Compliant', 'Security / F...
2535    ['Power Back-up', 'Intercom Facility', 'Lift(s...
2560    ['Security / Fire Alarm', 'Water purifier', 'S...
2722    ['Security / Fire Alarm', 'Feng Shui / Vaastu ...
2811    ['Feng Shui / Vaastu Compliant', 'Private Gard...
2857    ['Water purifier', 'Security / Fire Alarm', 'F...
2922    ['Water purifier', 'Security / Fire Alarm', 'F...
3415    ['Security / Fire Alarm', 'Intercom Facility',...
3494    ['Feng Shui / Vaastu Compliant', 'Park', 'Rece...
3518    ['High Ceiling Height', 'Maintenance Staff', '...
3552    ['Security / Fire Alarm', 'Feng Shui / Vaastu ...
Name: features, dtype: object"
sector 72,"32      ['Private Garden / Terrace', 'Maintenance Staf...
71                                               ['Park']
462     ['Centrally Air Conditioned', 'Water purifier'...
599     ['Water purifier', 'Centrally Air Conditioned'...
617     ['Water purifier', 'Centrally Air Conditioned'...
691     ['Centrally Air Conditioned', 'Water purifier'...
825     ['Private Garden / Terrace', 'Maintenance Staff']
1102    ['Security / Fire Alarm', 'Intercom Facility',...
1162    ['Feng Shui / Vaastu Compliant', 'Private Gard...
1301    ['Security / Fire Alarm', 'Feng Shui / Vaastu ...
1409    ['Centrally Air Conditioned', 'Security / Fire...
1581    ['Feng Shui / Vaastu Compliant', 'Security / F...
1586    ['Power Back-up', 'Maintenance Staff', 'Park',...
1590    ['Feng Shui / Vaastu Compliant', 'Lift(s)', 'M...
1697    ['Security / Fire Alarm', 'Feng Shui / Vaastu ...
1844    ['Power Back-up', 'Lift(s)', 'Swimming Pool', ...
1902    ['Feng Shui / Vaastu Compliant', 'Security / F...
2122    ['Security / Fire Alarm', 'Intercom Facility',...
2221    ['Centrally Air Conditioned', 'Water purifier'...
2302    ['Security / Fire Alarm', 'Feng Shui / Vaastu ...
2485    ['Centrally Air Conditioned', 'Water purifier'...
2759    ['Feng Shui / Vaastu Compliant', 'Security / F...
2923    ['Feng Shui / Vaastu Compliant', 'Security / F...
3076    ['Centrally Air Conditioned', 'Water purifier'...
3185    ['Security / Fire Alarm', 'Intercom Facility',...
3261    ['Feng Shui / Vaastu Compliant', 'Private Gard...
3342    ['Feng Shui / Vaastu Compliant', 'Private Gard...
3400                     ['Lift(s)', 'Maintenance Staff']
3505    ['Centrally Air Conditioned', 'Water purifier'...
Name: features, dtype: object"
sector 73,"271     ['Centrally Air Conditioned', 'Water purifier'...
1156    ['High Ceiling Height', 'Maintenance Staff', '...
2893    ['Security / Fire Alarm', 'Power Back-up', 'Pr...
Name: features, dtype: object"
sector 74,"2       ['Centrally Air Conditioned', 'Water purifier'...
278                   ['Water Storage', 'Waste Disposal']
522     ['Feng Shui / Vaastu Compliant', 'Private Gard...
565                                                   NaN
1079    ['Feng Shui / Vaastu Compliant', 'Security / F...
1258    ['Feng Shui / Vaastu Compliant', 'Private Gard...
1959    ['Water purifier', 'Security / Fire Alarm', 'F...
1960    ['Water purifier', 'Centrally Air Conditioned'...
2019    ['Security / Fire Alarm', 'Feng Shui / Vaastu ...
2160                                                  NaN
2272    ['Centrally Air Conditioned', 'Water purifier'...
2351                                                  NaN
2412    ['Security / Fire Alarm', 'Feng Shui / Vaastu ...
2464                                                  NaN
2556    ['Private Garden / Terrace', 'Water Storage', ...
2989    ['Water purifier', 'Centrally Air Conditioned'...
3162    ['High Ceiling Height', 'False Ceiling Lightin...
3551    ['Security / Fire Alarm', 'Power Back-up', 'Fe...
Name: features, dtype: object"
sector 76,"1120             ['Intercom Facility', 'Lift(s)', 'Park']
1468    ['High Ceiling Height', 'False Ceiling Lightin...
1700                                                  NaN
1854    ['Security / Fire Alarm', 'Feng Shui / Vaastu ...
2155    ['Centrally Air Conditioned', 'Water purifier'...
2213    ['Feng Shui / Vaastu Compliant', 'Private Gard...
2243    ['Security / Fire Alarm', 'Power Back-up', 'Fe...
2335    ['False Ceiling Lighting', 'Water Storage', 'V...
2593    ['Water purifier', 'Security / Fire Alarm', 'P...
2603    ['Private Garden / Terrace', 'Water Storage', ...
2706    ['Intercom Facility', 'Lift(s)', 'Maintenance ...
2791    ['Security / Fire Alarm', 'Power Back-up', 'Fe...
2826    ['Power Back-up', 'Intercom Facility', 'Lift(s...
3008                                                  NaN
3034    ['Water purifier', 'Security / Fire Alarm', 'P...
Name: features, dtype: object"
sector 77,"69      ['Security / Fire Alarm', 'Feng Shui / Vaastu ...
245     ['Security / Fire Alarm', 'Power Back-up', 'Fe...
272     ['Security / Fire Alarm', 'Power Back-up', 'Fe...
570     ['Security / Fire Alarm', 'Power Back-up', 'Fe...
1130    ['Feng Shui / Vaastu Compliant', 'Security / F...
1143    ['Feng Shui / Vaastu Compliant', 'Private Gard...
1208                                  ['Visitor Parking']
1396    ['Lift(s)', 'Swimming Pool', 'Park', 'Security...
1403    ['Centrally Air Conditioned', 'Water purifier'...
1428    ['Power Back-up', 'Intercom Facility', 'Lift(s...
1444    ['Security / Fire Alarm', 'Feng Shui / Vaastu ...
1466    ['Feng Shui / Vaastu Compliant', 'Private Gard...
1602    ['Security / Fire Alarm', 'Feng Shui / Vaastu ...
1971    ['Feng Shui / Vaastu Compliant', 'Security / F...
2188    ['Security / Fire Alarm', 'Feng Shui / Vaastu ...
2235    ['Feng Shui / Vaastu Compliant', 'Security / F...
2460    ['Private Garden / Terrace', 'High Ceiling Hei...
2739    ['Security / Fire Alarm', 'Lift(s)', 'Maintena...
2854                                                  NaN
3009    ['Feng Shui / Vaastu Compliant', 'Security / F...
3104    ['No open drainage around', 'Natural Light', '...
3129    ['Feng Shui / Vaastu Compliant', 'Private Gard...
3244    ['Centrally Air Conditioned', 'Water purifier'...
3327                         ['Private Garden / Terrace']
3389    ['Intercom Facility', 'Lift(s)', 'Feng Shui / ...
3421    ['Security / Fire Alarm', 'Feng Shui / Vaastu ...
3490    ['Security / Fire Alarm', 'Feng Shui / Vaastu ...
Name: features, dtype: object"
sector 78,"92      ['Security / Fire Alarm', 'Intercom Facility',...
420                             ['Water Storage', 'Park']
520     ['Security / Fire Alarm', 'Feng Shui / Vaastu ...
537                                                   NaN
893     ['Feng Shui / Vaastu Compliant', 'Security / F...
1201    ['Centrally Air Conditioned', 'Water purifier'...
1336    ['Lift(s)', 'Park', 'Piped-gas', 'Natural Ligh...
1738    ['Security / Fire Alarm', 'Feng Shui / Vaastu ...
1979                                                  NaN
2176    ['Security / Fire Alarm', 'Private Garden / Te...
2748    ['Feng Shui / Vaastu Compliant', 'Security / F...
2804    ['Centrally Air Conditioned', 'Water purifier'...
3291    ['Security / Fire Alarm', 'Intercom Facility',...
3427    ['Feng Shui / Vaastu Compliant', 'Security / F...
3430    ['Feng Shui / Vaastu Compliant', 'Maintenance ...
3483                                                  NaN
Name: features, dtype: object"
sector 79,"81      ['Security / Fire Alarm', 'Private Garden / Te...
85      ['Water purifier', 'Security / Fire Alarm', 'F...
154     ['Feng Shui / Vaastu Compliant', 'Private Gard...
248     ['Centrally Air Conditioned', 'Water purifier'...
270     ['Security / Fire Alarm', 'Feng Shui / Vaastu ...
                              ...                        
3319    ['Security / Fire Alarm', 'Feng Shui / Vaastu ...
3336    ['Intercom Facility', 'Lift(s)', 'Maintenance ...
3352    ['Intercom Facility', 'Lift(s)', 'Maintenance ...
3367    ['Security / Fire Alarm', 'Power Back-up', 'Fe...
3370    ['Security / Fire Alarm', 'Feng Shui / Vaastu ...
Name: features, Length: 76, dtype: object"
sector 8,"493     ['Intercom Facility', 'Lift(s)', 'Swimming Poo...
939                                                   NaN
1315    ['Power Back-up', 'Lift(s)', 'Swimming Pool', ...
1342    ['Security / Fire Alarm', 'Water purifier', 'H...
2865    ['Feng Shui / Vaastu Compliant', 'Security / F...
3023    ['Feng Shui / Vaastu Compliant', 'Security / F...
3082    ['Lift(s)', 'Swimming Pool', 'Park', 'Internet...
Name: features, dtype: object"
sector 80,"1001    ['Security / Fire Alarm', 'Intercom Facility',...
1893    ['Feng Shui / Vaastu Compliant', 'Intercom Fac...
2256    ['Security / Fire Alarm', 'Feng Shui / Vaastu ...
3208                                                  NaN
3340    ['Security / Fire Alarm', 'Feng Shui / Vaastu ...
Name: features, dtype: object"
sector 81,"50      ['Intercom Facility', 'Lift(s)', 'Swimming Poo...
124                                                   NaN
150     ['Centrally Air Conditioned', 'Water purifier'...
164     ['Power Back-up', 'Intercom Facility', 'Lift(s...
280                                                   NaN
                              ...                        
3296    ['Feng Shui / Vaastu Compliant', 'Water Storage']
3307    ['Intercom Facility', 'Lift(s)', 'Park', 'Club...
3455    ['Feng Shui / Vaastu Compliant', 'Private Gard...
3545                                    ['Water Storage']
3549    ['Water purifier', 'Security / Fire Alarm', 'P...
Name: features, Length: 87, dtype: object"
sector 82,"15      ['Security / Fire Alarm', 'Feng Shui / Vaastu ...
95      ['Security / Fire Alarm', 'Feng Shui / Vaastu ...
143     ['Feng Shui / Vaastu Compliant', 'Security / F...
215     ['Lift(s)', 'Water Storage', 'Separate entry f...
326     ['Feng Shui / Vaastu Compliant', 'Lift(s)', 'S...
421     ['Security / Fire Alarm', 'Intercom Facility',...
432     ['Centrally Air Conditioned', 'Water purifier'...
433     ['Centrally Air Conditioned', 'Water purifier'...
685     ['Security / Fire Alarm', 'Intercom Facility',...
1000    ['Feng Shui / Vaastu Compliant', 'Security / F...
1051    ['Power Back-up', 'Feng Shui / Vaastu Complian...
1129    ['Feng Shui / Vaastu Compliant', 'Visitor Park...
1305    ['Centrally Air Conditioned', 'Water purifier'...
1340    ['Security / Fire Alarm', 'Lift(s)', 'Maintena...
1380    ['Power Back-up', 'Intercom Facility', 'Lift(s...
1383    ['Centrally Air Conditioned', 'Security / Fire...
1426    ['Security / Fire Alarm', 'Intercom Facility',...
1533    ['Feng Shui / Vaastu Compliant', 'Intercom Fac...
1535    ['Centrally Air Conditioned', 'Water purifier'...
1685                                                  NaN
1879                                                  NaN
1907    ['Power Back-up', 'Security / Fire Alarm', 'Pr...
2028    ['Water purifier', 'Security / Fire Alarm', 'P...
2047    ['Centrally Air Conditioned', 'Water purifier'...
2050    ['Centrally Air Conditioned', 'Water purifier'...
2198    ['Centrally Air Conditioned', 'Security / Fire...
2205             ['Intercom Facility', 'Lift(s)', 'Park']
2255    ['Intercom Facility', 'Lift(s)', 'Swimming Poo...
2324    ['Feng Shui / Vaastu Compliant', 'Security / F...
2490             ['Lift(s)', 'Maintenance Staff', 'Park']
2532               ['Maintenance Staff', 'Water Storage']
2548    ['No open drainage around', 'Internet/wi-fi co...
2563    ['Centrally Air Conditioned', 'Water purifier'...
2913                                             ['Park']
2914    ['Water purifier', 'Security / Fire Alarm', 'F...
2934    ['Power Back-up', 'Feng Shui / Vaastu Complian...
3031    ['Feng Shui / Vaastu Compliant', 'Security / F...
3203           ['Water Storage', 'Rain Water Harvesting']
3273    ['Feng Shui / Vaastu Compliant', 'Security / F...
3439                                                  NaN
3537    ['Power Back-up', 'Lift(s)', 'Swimming Pool', ...
Name: features, dtype: object"
sector 82a,"200                      ['Lift(s)', 'Maintenance Staff']
265     ['Feng Shui / Vaastu Compliant', 'Security / F...
356     ['Centrally Air Conditioned', 'Water purifier'...
418     ['Centrally Air Conditioned', 'Security / Fire...
450     ['Security / Fire Alarm', 'Intercom Facility',...
605     ['Feng Shui / Vaastu Compliant', 'Security / F...
619     ['Security / Fire Alarm', 'Feng Shui / Vaastu ...
826     ['Lift(s)', 'Swimming Pool', 'Park', 'Visitor ...
1214                                                  NaN
1608    ['Power Back-up', 'Security / Fire Alarm', 'Li...
1635    ['Security / Fire Alarm', 'Power Back-up', 'Fe...
1915                                                  NaN
2517    ['Feng Shui / Vaastu Compliant', 'Security / F...
2889    ['Lift(s)', 'High Ceiling Height', 'Maintenanc...
3079    ['Intercom Facility', 'Lift(s)', 'Maintenance ...
3083                                                  NaN
3152    ['Centrally Air Conditioned', 'Water purifier'...
3333    ['Centrally Air Conditioned', 'Water purifier'...
3526    ['Security / Fire Alarm', 'Feng Shui / Vaastu ...
Name: features, dtype: object"
sector 83,"70      ['Feng Shui / Vaastu Compliant', 'Security / F...
127     ['Feng Shui / Vaastu Compliant', 'Security / F...
220     ['Security / Fire Alarm', 'Power Back-up', 'In...
311     ['Power Back-up', 'Feng Shui / Vaastu Complian...
385                                                   NaN
                              ...                        
3417    ['Water purifier', 'Security / Fire Alarm', 'F...
3452    ['Feng Shui / Vaastu Compliant', 'Security / F...
3511    ['Power Back-up', 'Intercom Facility', 'Lift(s...
3514       ['Private Garden / Terrace', 'Waste Disposal']
3516                                                  NaN
Name: features, Length: 68, dtype: object"
sector 84,"45      ['Centrally Air Conditioned', 'Water purifier'...
109     ['Power Back-up', 'Intercom Facility', 'Lift(s...
181     ['Feng Shui / Vaastu Compliant', 'Intercom Fac...
218     ['Centrally Air Conditioned', 'Water purifier'...
293     ['Security / Fire Alarm', 'Power Back-up', 'Fe...
378     ['Security / Fire Alarm', 'Feng Shui / Vaastu ...
470     ['Security / Fire Alarm', 'Power Back-up', 'Fe...
543     ['Security / Fire Alarm', 'Power Back-up', 'Fe...
811     ['Security / Fire Alarm', 'Intercom Facility',...
942     ['Water purifier', 'Security / Fire Alarm', 'F...
1031    ['Security / Fire Alarm', 'Power Back-up', 'Fe...
1069    ['Feng Shui / Vaastu Compliant', 'Security / F...
1212    ['Feng Shui / Vaastu Compliant', 'Security / F...
1236                                                  NaN
1262                                                  NaN
1390    ['Intercom Facility', 'Lift(s)', 'Maintenance ...
1432                                                  NaN
1526                                                  NaN
1574    ['Security / Fire Alarm', 'Lift(s)', 'Maintena...
1623    ['Water purifier', 'Power Back-up', 'Feng Shui...
1658                                             ['Park']
1674    ['Centrally Air Conditioned', 'Water purifier'...
1681                                                  NaN
1776    ['Intercom Facility', 'Lift(s)', 'Feng Shui / ...
1923    ['Lift(s)', 'Intercom Facility', 'Security / F...
1965    ['Power Back-up', 'Intercom Facility', 'Lift(s...
1989                                                  NaN
2083    ['Security / Fire Alarm', 'Power Back-up', 'Fe...
2086    ['Centrally Air Conditioned', 'Water purifier'...
2102    ['Maintenance Staff', 'Water Storage', 'Waste ...
2173    ['Security / Fire Alarm', 'Power Back-up', 'Fe...
2240    ['Feng Shui / Vaastu Compliant', 'Intercom Fac...
2393                                                  NaN
2427                                                  NaN
2436    ['Security / Fire Alarm', 'Power Back-up', 'Li...
2455    ['Swimming Pool', 'Water Storage', 'Park', 'Cl...
2559                                                  NaN
2568    ['Security / Fire Alarm', 'Power Back-up', 'Fe...
2588    ['Water purifier', 'High Ceiling Height', 'Fal...
2611                                                  NaN
2809    ['Centrally Air Conditioned', 'Security / Fire...
2850    ['Feng Shui / Vaastu Compliant', 'Intercom Fac...
2876    ['Feng Shui / Vaastu Compliant', 'Private Gard...
3165    ['Intercom Facility', 'Lift(s)', 'Maintenance ...
3205    ['Water purifier', 'Security / Fire Alarm', 'F...
3331    ['Security / Fire Alarm', 'Feng Shui / Vaastu ...
3353    ['Centrally Air Conditioned', 'Water purifier'...
3373                            ['Water Storage', 'Park']
3377    ['Power Back-up', 'Intercom Facility', 'Lift(s...
Name: features, dtype: object"
sector 85,"24                                                    NaN
28      ['Centrally Air Conditioned', 'Water purifier'...
49      ['Power Back-up', 'Intercom Facility', 'Lift(s...
54      ['Security / Fire Alarm', 'Intercom Facility',...
57      ['Feng Shui / Vaastu Compliant', 'Private Gard...
                              ...                        
3407    ['Feng Shui / Vaastu Compliant', 'Security / F...
3418    ['Centrally Air Conditioned', 'Water purifier'...
3464    ['Feng Shui / Vaastu Compliant', 'Private Gard...
3480    ['Feng Shui / Vaastu Compliant', 'Private Gard...
3506    ['Security / Fire Alarm', 'Intercom Facility',...
Name: features, Length: 107, dtype: object"
sector 86,"23      ['Private Garden / Terrace', 'High Ceiling Hei...
27      ['Feng Shui / Vaastu Compliant', 'Maintenance ...
31      ['Security / Fire Alarm', 'Intercom Facility',...
66      ['Security / Fire Alarm', 'Intercom Facility',...
136     ['Centrally Air Conditioned', 'Water purifier'...
                              ...                        
3200    ['Security / Fire Alarm', 'Intercom Facility',...
3323    ['Feng Shui / Vaastu Compliant', 'Private Gard...
3341    ['Security / Fire Alarm', 'Feng Shui / Vaastu ...
3374                                                  NaN
3531    ['Security / Fire Alarm', 'Feng Shui / Vaastu ...
Name: features, Length: 62, dtype: object"
sector 88a,"1032    ['Security / Fire Alarm', 'Feng Shui / Vaastu ...
1209                                                  NaN
1240    ['Feng Shui / Vaastu Compliant', 'Security / F...
1254    ['Feng Shui / Vaastu Compliant', 'Security / F...
1358                                                  NaN
1378    ['Security / Fire Alarm', 'Feng Shui / Vaastu ...
1475    ['Security / Fire Alarm', 'Feng Shui / Vaastu ...
1567    ['Security / Fire Alarm', 'Lift(s)', 'Maintena...
1838                                                  NaN
2238    ['Intercom Facility', 'Lift(s)', 'Swimming Poo...
2275    ['Centrally Air Conditioned', 'Water purifier'...
2433                                                  NaN
2441                                                  NaN
2497    ['Water purifier', 'Security / Fire Alarm', 'P...
2581    ['Feng Shui / Vaastu Compliant', 'Security / F...
2586    ['Security / Fire Alarm', 'Feng Shui / Vaastu ...
3027    ['Security / Fire Alarm', 'Feng Shui / Vaastu ...
3074    ['Centrally Air Conditioned', 'Lift(s)', 'Park...
3247                                                  NaN
3449    ['Feng Shui / Vaastu Compliant', 'Private Gard...
3460                                ['Maintenance Staff']
3528                                                  NaN
Name: features, dtype: object"
sector 88b,"652     ['Security / Fire Alarm', 'Feng Shui / Vaastu ...
1495                                  ['Visitor Parking']
1810    ['Lift(s)', 'Feng Shui / Vaastu Compliant', 'I...
Name: features, dtype: object"
sector 89,"39      ['Feng Shui / Vaastu Compliant', 'Security / F...
48      ['Intercom Facility', 'Lift(s)', 'Maintenance ...
60      ['Security / Fire Alarm', 'Power Back-up', 'In...
77      ['Security / Fire Alarm', 'Feng Shui / Vaastu ...
410     ['Lift(s)', 'Swimming Pool', 'Park', 'Shopping...
458     ['Power Back-up', 'Feng Shui / Vaastu Complian...
566     ['Centrally Air Conditioned', 'Water purifier'...
680     ['High Ceiling Height', 'Maintenance Staff', '...
863     ['Feng Shui / Vaastu Compliant', 'Security / F...
877     ['Security / Fire Alarm', 'Power Back-up', 'Fe...
900     ['Feng Shui / Vaastu Compliant', 'Intercom Fac...
1011    ['Centrally Air Conditioned', 'Water purifier'...
1024    ['Lift(s)', 'Maintenance Staff', 'Water Storag...
1042                            ['Water Storage', 'Park']
1183    ['Security / Fire Alarm', 'Power Back-up', 'Fe...
1192    ['Centrally Air Conditioned', 'Water purifier'...
1287    ['Security / Fire Alarm', 'Feng Shui / Vaastu ...
1424    ['Feng Shui / Vaastu Compliant', 'High Ceiling...
1451    ['Maintenance Staff', 'Separate entry for serv...
1512    ['Security / Fire Alarm', 'Private Garden / Te...
1515    ['Private Garden / Terrace', 'High Ceiling Hei...
1534                                                  NaN
1625                                                  NaN
1646    ['Security / Fire Alarm', 'Lift(s)', 'Water pu...
1698    ['Security / Fire Alarm', 'Power Back-up', 'Fe...
1701    ['Security / Fire Alarm', 'Power Back-up', 'Fe...
1754                                                  NaN
1774    ['Intercom Facility', 'Lift(s)', 'Swimming Poo...
1799    ['Private Garden / Terrace', 'High Ceiling Hei...
1894                                                  NaN
1921    ['Security / Fire Alarm', 'Power Back-up', 'Fe...
1969    ['Maintenance Staff', 'Water Storage', 'Visito...
2029    ['Feng Shui / Vaastu Compliant', 'Security / F...
2042    ['Maintenance Staff', 'Water Storage', 'No ope...
2052                                                  NaN
2061    ['Centrally Air Conditioned', 'Water purifier'...
2166    ['Feng Shui / Vaastu Compliant', 'Security / F...
2233    ['Water purifier', 'Centrally Air Conditioned'...
2405    ['Water purifier', 'Centrally Air Conditioned'...
2424    ['Water purifier', 'Security / Fire Alarm', 'F...
2451    ['Feng Shui / Vaastu Compliant', 'Security / F...
2510    ['Private Garden / Terrace', 'Water Storage', ...
2571                                                  NaN
2596    ['Security / Fire Alarm', 'Feng Shui / Vaastu ...
2625                                                  NaN
2677    ['Security / Fire Alarm', 'Feng Shui / Vaastu ...
2684    ['Feng Shui / Vaastu Compliant', 'Security / F...
2745    ['Intercom Facility', 'Lift(s)', 'Swimming Poo...
2799                                                  NaN
3136    ['Feng Shui / Vaastu Compliant', 'Security / F...
3181    ['Centrally Air Conditioned', 'Water purifier'...
3325    ['Security / Fire Alarm', 'Power Back-up', 'Fe...
3358    ['Centrally Air Conditioned', 'Water purifier'...
3403    ['Security / Fire Alarm', 'Power Back-up', 'Fe...
3446    ['Lift(s)', 'Swimming Pool', 'Fitness Centre /...
3489    ['Private Garden / Terrace', 'Water Storage', ...
3525    ['Security / Fire Alarm', 'Intercom Facility',...
Name: features, dtype: object"
sector 9,"8                                                     NaN
447     ['Water Storage', 'No open drainage around', '...
758     ['Security / Fire Alarm', 'Feng Shui / Vaastu ...
819                                                   NaN
1828    ['Water purifier', 'Security / Fire Alarm', 'P...
1837    ['Security / Fire Alarm', 'Power Back-up', 'Fe...
2315    ['Centrally Air Conditioned', 'Water purifier'...
2810    ['Centrally Air Conditioned', 'Water purifier'...
2844    ['Security / Fire Alarm', 'Power Back-up', 'Fe...
2968    ['Feng Shui / Vaastu Compliant', 'Intercom Fac...
3095    ['Feng Shui / Vaastu Compliant', 'Private Gard...
3114    ['Feng Shui / Vaastu Compliant', 'Security / F...
Name: features, dtype: object"
sector 90,"146                ['Lift(s)', 'Park', 'Shopping Centre']
162     ['Feng Shui / Vaastu Compliant', 'Security / F...
195     ['Centrally Air Conditioned', 'Water purifier'...
255                                                   NaN
362     ['Feng Shui / Vaastu Compliant', 'Security / F...
                              ...                        
3470    ['Centrally Air Conditioned', 'Water purifier'...
3474    ['Power Back-up', 'Security / Fire Alarm', 'In...
3481    ['Park', 'Visitor Parking', 'Low Density Socie...
3486    ['Lift(s)', 'Maintenance Staff', 'Water Storag...
3497                                                  NaN
Name: features, Length: 88, dtype: object"
sector 91,"569     ['Feng Shui / Vaastu Compliant', 'Security / F...
998                                                   NaN
1256                                                  NaN
1280    ['Security / Fire Alarm', 'Intercom Facility',...
1376                                                  NaN
1621    ['Feng Shui / Vaastu Compliant', 'Intercom Fac...
1876    ['Centrally Air Conditioned', 'Water purifier'...
1909    ['Feng Shui / Vaastu Compliant', 'Water Storag...
2004    ['Centrally Air Conditioned', 'High Ceiling He...
2216    ['Security / Fire Alarm', 'Intercom Facility',...
2445    ['Feng Shui / Vaastu Compliant', 'Private Gard...
2446    ['Security / Fire Alarm', 'Power Back-up', 'Fe...
2687        ['Private Garden / Terrace', 'Water Storage']
2835    ['Centrally Air Conditioned', 'Water purifier'...
2837    ['Intercom Facility', 'Lift(s)', 'Swimming Poo...
3090    ['Water Storage', 'Visitor Parking', 'Waste Di...
3508    ['Power Back-up', 'Intercom Facility', 'Lift(s...
Name: features, dtype: object"
sector 92,"65      ['Power Back-up', 'Intercom Facility', 'Lift(s...
119     ['Security / Fire Alarm', 'Lift(s)', 'Maintena...
155     ['Feng Shui / Vaastu Compliant', 'Security / F...
184                                                   NaN
236     ['Feng Shui / Vaastu Compliant', 'Security / F...
                              ...                        
3393    ['Water purifier', 'Security / Fire Alarm', 'P...
3402                                  ['Visitor Parking']
3408    ['Security / Fire Alarm', 'Power Back-up', 'Fe...
3453                                                  NaN
3509    ['Security / Fire Alarm', 'Private Garden / Te...
Name: features, Length: 100, dtype: object"
sector 93,"165     ['Feng Shui / Vaastu Compliant', 'Security / F...
1269    ['Security / Fire Alarm', 'Intercom Facility',...
1552    ['Intercom Facility', 'Lift(s)', 'Maintenance ...
1664    ['Feng Shui / Vaastu Compliant', 'Private Gard...
1940    ['Security / Fire Alarm', 'Power Back-up', 'Fe...
2099    ['Centrally Air Conditioned', 'Water purifier'...
2281                                                  NaN
2554    ['Feng Shui / Vaastu Compliant', 'Security / F...
2671    ['Swimming Pool', 'Piped-gas', 'Security Perso...
Name: features, dtype: object"
sector 95,"72                      ['Club house / Community Center']
90      ['Power Back-up', 'Intercom Facility', 'Lift(s...
152     ['Water purifier', 'Security / Fire Alarm', 'P...
188     ['Feng Shui / Vaastu Compliant', 'Park', 'Visi...
219                                                   NaN
269     ['Feng Shui / Vaastu Compliant', 'Intercom Fac...
292     ['Feng Shui / Vaastu Compliant', 'Security / F...
303     ['Feng Shui / Vaastu Compliant', 'Lift(s)', 'S...
316     ['Security / Fire Alarm', 'Feng Shui / Vaastu ...
332                                                   NaN
508     ['Power Back-up', 'Feng Shui / Vaastu Complian...
526     ['Feng Shui / Vaastu Compliant', 'Water Storage']
673     ['Centrally Air Conditioned', 'Water purifier'...
699     ['Security / Fire Alarm', 'Feng Shui / Vaastu ...
778     ['Feng Shui / Vaastu Compliant', 'Maintenance ...
861     ['Security / Fire Alarm', 'Power Back-up', 'Fe...
937     ['Feng Shui / Vaastu Compliant', 'High Ceiling...
948     ['Security / Fire Alarm', 'Feng Shui / Vaastu ...
1014    ['Water purifier', 'Centrally Air Conditioned'...
1112                                                  NaN
1170    ['Water purifier', 'Security / Fire Alarm', 'F...
1252                                                  NaN
1322    ['Security / Fire Alarm', 'Power Back-up', 'Fe...
1592    ['Security / Fire Alarm', 'Feng Shui / Vaastu ...
1663    ['Feng Shui / Vaastu Compliant', 'Private Gard...
1667                                             ['Park']
1789                                                  NaN
1948    ['Feng Shui / Vaastu Compliant', 'Security / F...
1963                                                  NaN
2011    ['Security / Fire Alarm', 'Feng Shui / Vaastu ...
2157    ['High Ceiling Height', 'Maintenance Staff', '...
2182    ['Power Back-up', 'Intercom Facility', 'Lift(s...
2262    ['Water purifier', 'Security / Fire Alarm', 'P...
2349    ['Security / Fire Alarm', 'Power Back-up', 'Li...
2384    ['Security / Fire Alarm', 'Power Back-up', 'Fe...
2418    ['Intercom Facility', 'Lift(s)', 'Maintenance ...
2431    ['Security / Fire Alarm', 'Feng Shui / Vaastu ...
2452                                                  NaN
2495    ['Water purifier', 'Security / Fire Alarm', 'F...
2626                                                  NaN
2630    ['Feng Shui / Vaastu Compliant', 'Intercom Fac...
2642    ['Security / Fire Alarm', 'Lift(s)', 'Maintena...
2656                                                  NaN
2685    ['Power Back-up', 'Intercom Facility', 'Lift(s...
2713    ['Security / Fire Alarm', 'Intercom Facility',...
2736                                                  NaN
2806    ['Centrally Air Conditioned', 'Water purifier'...
2817    ['Feng Shui / Vaastu Compliant', 'Security / F...
2886    ['Security / Fire Alarm', 'Lift(s)', 'Maintena...
2975    ['Centrally Air Conditioned', 'Water purifier'...
3161    ['Security / Fire Alarm', 'Feng Shui / Vaastu ...
3184    ['Intercom Facility', 'Lift(s)', 'Swimming Poo...
3198    ['Power Back-up', 'Intercom Facility', 'Lift(s...
3330                                                  NaN
3369    ['Water purifier', 'Security / Fire Alarm', 'P...
Name: features, dtype: object"
sector 99,"324     ['Security / Fire Alarm', 'Power Back-up', 'Fe...
466                                                   NaN
571     ['Feng Shui / Vaastu Compliant', 'Security / F...
1168    ['Centrally Air Conditioned', 'Security / Fire...
1713    ['Centrally Air Conditioned', 'Security / Fire...
1714    ['Water purifier', 'Security / Fire Alarm', 'F...
2105    ['Lift(s)', 'Swimming Pool', 'Park', 'Security...
2286    ['Power Back-up', 'Lift(s)', 'No open drainage...
2300                                                  NaN
2726    ['Intercom Facility', 'Lift(s)', 'Swimming Poo...
3177        ['Private Garden / Terrace', 'Water Storage']
3314    ['Feng Shui / Vaastu Compliant', 'Intercom Fac...
Name: features, dtype: object"
sector 99a,"18      ['Security / Fire Alarm', 'Intercom Facility',...
221     ['Security / Fire Alarm', 'Intercom Facility',...
371     ['Feng Shui / Vaastu Compliant', 'Intercom Fac...
427     ['Security / Fire Alarm', 'Water purifier', 'W...
797     ['Feng Shui / Vaastu Compliant', 'Security / F...
843     ['Feng Shui / Vaastu Compliant', 'Lift(s)', 'M...
848     ['Security / Fire Alarm', 'Feng Shui / Vaastu ...
1033    ['Power Back-up', 'Feng Shui / Vaastu Complian...
1190                                                  NaN
1213                                                  NaN
1233    ['Security / Fire Alarm', 'Feng Shui / Vaastu ...
1251                 ['Security / Fire Alarm', 'Lift(s)']
1288                     ['Feng Shui / Vaastu Compliant']
1341          ['Water Storage', 'Park', 'Waste Disposal']
1493    ['Feng Shui / Vaastu Compliant', 'Security / F...
1510    ['Security Personnel', 'Internet/wi-fi connect...
1756    ['Security / Fire Alarm', 'Power Back-up', 'Li...
1768    ['Security / Fire Alarm', 'Power Back-up', 'Fe...
1866                                                  NaN
2197                                                  NaN
2248    ['Centrally Air Conditioned', 'Water purifier'...
2557    ['Power Back-up', 'Feng Shui / Vaastu Complian...
2751    ['Power Back-up', 'Intercom Facility', 'Lift(s...
2821    ['Power Back-up', 'Security / Fire Alarm', 'In...
2867                                                  NaN
3206                                                  NaN
3280                                                  NaN
3337                                                  NaN
3431    ['Feng Shui / Vaastu Compliant', 'Recently Ren...
3482                                                  NaN
Name: features, dtype: object"
sector 9a,"199                                                   NaN
845     ['Water purifier', 'Security / Fire Alarm', 'P...
1367                                             ['Park']
1427                                                  NaN
1453    ['Feng Shui / Vaastu Compliant', 'Private Gard...
2189                                                  NaN
2369                                                  NaN
2396    ['Feng Shui / Vaastu Compliant', 'Security / F...
2746    ['Feng Shui / Vaastu Compliant', 'Security / F...
2870    ['High Ceiling Height', 'Park', 'Visitor Parki...
Name: features, dtype: object"
sohna road,"43      ['Feng Shui / Vaastu Compliant', 'High Ceiling...
58      ['Intercom Facility', 'Lift(s)', 'Swimming Poo...
62                                                    NaN
100     ['Feng Shui / Vaastu Compliant', 'Private Gard...
156     ['Centrally Air Conditioned', 'Water purifier'...
                              ...                        
3507                                                  NaN
3517    ['Feng Shui / Vaastu Compliant', 'Security / F...
3524                                                  NaN
3538    ['Power Back-up', 'Feng Shui / Vaastu Complian...
3547    ['Feng Shui / Vaastu Compliant', 'Intercom Fac...
Name: features, Length: 152, dtype: object"
sohna road road,"297     ['Security / Fire Alarm', 'Power Back-up', 'Fe...
381     ['Security / Fire Alarm', 'Private Garden / Te...
590     ['Power Back-up', 'Intercom Facility', 'Lift(s...
850                                                   NaN
1410    ['Maintenance Staff', 'Water Storage', 'Visito...
1616    ['Feng Shui / Vaastu Compliant', 'Security / F...
1809    ['Feng Shui / Vaastu Compliant', 'Lift(s)', 'H...
1882                                                  NaN
1926    ['Power Back-up', 'Lift(s)', 'High Ceiling Hei...
2762    ['Centrally Air Conditioned', 'Water purifier'...
2995    ['Security / Fire Alarm', 'Intercom Facility',...
Name: features, dtype: object"
